2026/05/26 18:01:29 - mmengine - INFO - 
------------------------------------------------------------
System environment:
    sys.platform: linux
    Python: 3.9.25 (main, Nov  3 2025, 22:33:05) [GCC 11.2.0]
    CUDA available: True
    MUSA available: False
    numpy_random_seed: 1154764286
    GPU 0: Tesla V100-SXM2-16GB
    CUDA_HOME: /usr/local/cuda
    NVCC: Cuda compilation tools, release 11.8, V11.8.89
    GCC: gcc (Ubuntu 9.4.0-1ubuntu1~20.04.1) 9.4.0
    PyTorch: 2.1.0+cu121
    PyTorch compiling details: PyTorch built with:
  - GCC 9.3
  - C++ Version: 201703
  - Intel(R) oneAPI Math Kernel Library Version 2022.2-Product Build 20220804 for Intel(R) 64 architecture applications
  - Intel(R) MKL-DNN v3.1.1 (Git Hash 64f6bcbcbab628e96f33a62c3e975f8535a7bde4)
  - OpenMP 201511 (a.k.a. OpenMP 4.5)
  - LAPACK is enabled (usually provided by MKL)
  - NNPACK is enabled
  - CPU capability usage: AVX512
  - CUDA Runtime 12.1
  - NVCC architecture flags: -gencode;arch=compute_50,code=sm_50;-gencode;arch=compute_60,code=sm_60;-gencode;arch=compute_70,code=sm_70;-gencode;arch=compute_75,code=sm_75;-gencode;arch=compute_80,code=sm_80;-gencode;arch=compute_86,code=sm_86;-gencode;arch=compute_90,code=sm_90
  - CuDNN 8.9.2
  - Magma 2.6.1
  - Build settings: BLAS_INFO=mkl, BUILD_TYPE=Release, CUDA_VERSION=12.1, CUDNN_VERSION=8.9.2, CXX_COMPILER=/opt/rh/devtoolset-9/root/usr/bin/c++, CXX_FLAGS= -D_GLIBCXX_USE_CXX11_ABI=0 -fabi-version=11 -fvisibility-inlines-hidden -DUSE_PTHREADPOOL -DNDEBUG -DUSE_KINETO -DLIBKINETO_NOROCTRACER -DUSE_FBGEMM -DUSE_QNNPACK -DUSE_PYTORCH_QNNPACK -DUSE_XNNPACK -DSYMBOLICATE_MOBILE_DEBUG_HANDLE -O2 -fPIC -Wall -Wextra -Werror=return-type -Werror=non-virtual-dtor -Werror=bool-operation -Wnarrowing -Wno-missing-field-initializers -Wno-type-limits -Wno-array-bounds -Wno-unknown-pragmas -Wno-unused-parameter -Wno-unused-function -Wno-unused-result -Wno-strict-overflow -Wno-strict-aliasing -Wno-stringop-overflow -Wno-psabi -Wno-error=pedantic -Wno-error=old-style-cast -Wno-invalid-partial-specialization -Wno-unused-private-field -Wno-aligned-allocation-unavailable -Wno-missing-braces -fdiagnostics-color=always -faligned-new -Wno-unused-but-set-variable -Wno-maybe-uninitialized -fno-math-errno -fno-trapping-math -Werror=format -Werror=cast-function-type -Wno-stringop-overflow, LAPACK_INFO=mkl, PERF_WITH_AVX=1, PERF_WITH_AVX2=1, PERF_WITH_AVX512=1, TORCH_DISABLE_GPU_ASSERTS=ON, TORCH_VERSION=2.1.0, USE_CUDA=ON, USE_CUDNN=ON, USE_EXCEPTION_PTR=1, USE_GFLAGS=OFF, USE_GLOG=OFF, USE_MKL=ON, USE_MKLDNN=ON, USE_MPI=OFF, USE_NCCL=1, USE_NNPACK=ON, USE_OPENMP=ON, USE_ROCM=OFF, 

    TorchVision: 0.16.0+cu121
    OpenCV: 4.12.0
    MMEngine: 0.10.7

Runtime environment:
    cudnn_benchmark: False
    mp_cfg: {'mp_start_method': 'fork', 'opencv_num_threads': 0}
    dist_cfg: {'backend': 'nccl'}
    seed: 1154764286
    Distributed launcher: none
    Distributed training: False
    GPU number: 1
------------------------------------------------------------

2026/05/26 18:01:33 - mmengine - INFO - Config:
BACKEND_ARGS = None
CLUSTER_DIR = '/data/DenseSIRST/SIRSTdevkit/SIRST/Cluster_relabel_graph_v2'
CORE_SCALE = 512
CORE_STRIDE = 1
DATASET_TYPE = 'deepir.SIRSTVOCDetSegDataset'
DATA_ROOT = '/data/DenseSIRST/SIRSTdevkit'
INF = 100000000.0
LOCAL_SCORE_THR = 0.05
MAX_PATCHES_PER_IMG = 20
MERGE_NMS_IOU_THR = 0.5
REPO_ROOT = '/root/data-tmp/BAFE-Net'
RF_SCALE_BINS = (
    1.5,
    3.0,
)
STRIDE = 32
WORK_DIR = '/work_dirs/adascope'
auto_scale_lr = dict(base_batch_size=16, enable=False)
backend_args = None
cluster_grid_size = (
    64,
    40,
)
cluster_min_overlap = 0.3
cluster_min_radius = 1
cluster_thresh_ratio = 0.9090909090909091
cluster_topk = 15
core_scale = 512
custom_hooks = [
    dict(
        reference_metric_key='merged_voc/mAP',
        refiner_supervised_epochs=4,
        type='SynWarmupSupGRPOStageHook',
        warmup_epochs=12),
]
custom_imports = dict(
    allow_failed_imports=False,
    imports=[
        'deepir.datasets.transforms.cluster_gt_targets',
        'deepir.engine.hooks.syn_warmup_sup_grpo_stage_hook',
        'deepir.evaluation.metrics.selective_voc_metric',
        'deepir.models.detectors.fixed_flat_sync_grpo_detector',
        'deepir.models.refine.fpn_template_three_action_grpo_refiner',
    ])
data_root = '/data/DenseSIRST/SIRSTdevkit'
dataset_type = 'deepir.SIRSTVOCDetSegDataset'
default_hooks = dict(
    checkpoint=dict(
        interval=1,
        rule='greater',
        save_best='merged_voc/mAP',
        type='CheckpointHook'),
    logger=dict(interval=50, type='LoggerHook'),
    param_scheduler=dict(type='ParamSchedulerHook'),
    sampler_seed=dict(type='DistSamplerSeedHook'),
    timer=dict(type='IterTimerHook'),
    visualization=dict(type='DetVisualizationHook'))
default_scope = 'mmdet'
env_cfg = dict(
    cudnn_benchmark=False,
    dist_cfg=dict(backend='nccl'),
    mp_cfg=dict(mp_start_method='fork', opencv_num_threads=0))
launcher = 'none'
load_from = None
log_level = 'INFO'
log_processor = dict(by_epoch=True, type='LogProcessor', window_size=50)
model = dict(
    auto_sync_external_from_global=True,
    backbone=dict(
        depth=50,
        frozen_stages=-1,
        init_cfg=dict(checkpoint='torchvision://resnet50', type='Pretrained'),
        norm_cfg=dict(requires_grad=False, type='BN'),
        norm_eval=True,
        num_stages=4,
        out_indices=(
            0,
            1,
            2,
            3,
        ),
        style='caffe',
        type='ResNet'),
    cluster_connectivity='disconnected',
    cluster_feature_gate_detach=True,
    cluster_feature_gate_strength=0.0,
    cluster_head=dict(
        core_size=512,
        core_stride=1,
        feat_channels=256,
        in_channels=2048,
        loss_cls=dict(
            alpha=0.75,
            gamma=2.0,
            loss_weight=50.0,
            type='FocalLoss',
            use_sigmoid=True),
        threshold=0.3,
        type='C5ClusterHead'),
    cluster_score_fusion_weight=0.0,
    data_preprocessor=dict(
        bgr_to_rgb=False,
        mean=[
            102.9801,
            115.9465,
            122.7717,
        ],
        pad_size_divisor=32,
        std=[
            1.0,
            1.0,
            1.0,
        ],
        type='DetDataPreprocessor'),
    enable_external_local=True,
    ext_local_batch_size=8,
    ext_local_max_per_patch=100,
    ext_local_score_scale=1.0,
    ext_local_score_thr=0.05,
    external_local_cfg=
    'configs/detection/fcos/fcos_r50-caffe_fpn_gn-head_1x_densesirst.py',
    external_local_ckpt='',
    external_local_device='cuda:0',
    external_local_frozen=True,
    global_bbox_head=dict(
        feat_channels=256,
        in_channels=256,
        loss_bbox=dict(loss_weight=1.0, type='IoULoss'),
        loss_centerness=dict(
            loss_weight=1.0, type='CrossEntropyLoss', use_sigmoid=True),
        loss_cls=dict(
            alpha=0.25,
            gamma=2.0,
            loss_weight=1.0,
            type='FocalLoss',
            use_sigmoid=True),
        num_classes=1,
        regress_ranges=(
            (
                -1,
                64,
            ),
            (
                64,
                128,
            ),
            (
                128,
                256,
            ),
            (
                256,
                512,
            ),
            (
                512,
                100000000.0,
            ),
        ),
        stacked_convs=4,
        strides=[
            8,
            16,
            32,
            64,
            128,
        ],
        type='FCOSHead'),
    global_local_suppress_iou_thr=0.0,
    grpo_advantage_eps=1e-06,
    grpo_area_budget=6.0,
    grpo_area_reg_weight=0.0,
    grpo_clip_eps=0.1,
    grpo_cover_keep_ratio=0.85,
    grpo_cover_reg_weight=0.0,
    grpo_dense_min_gt=0,
    grpo_entropy_weight=0.0005,
    grpo_group_size=4,
    grpo_margin_reg_weight=0.0,
    grpo_policy_clip_enabled=True,
    grpo_ref_kl_loss_scale=0.0,
    grpo_ref_kl_safe_max=0.0,
    grpo_ref_kl_weight=0.0,
    grpo_shift_mag_reg_weight=0.0,
    grpo_shift_reg_weight=0.0,
    grpo_update_steps=4,
    grpo_use_reference_policy=False,
    local_loss_weight=1.0,
    local_roi_source='blend',
    local_train_use_gt_rois=True,
    merge_nms_iou_thr=0.5,
    neck=dict(
        in_channels=[
            256,
            512,
            1024,
            2048,
        ],
        num_outs=5,
        out_channels=256,
        relu_before_extra_convs=True,
        start_level=1,
        type='FPN'),
    policy_cover_penalty_weight=0.05,
    policy_fp_iou_thr=0.1,
    policy_margin_reg_weight=0.0,
    policy_reward_area_weight=0.02,
    policy_reward_clip=2.0,
    policy_reward_count_weight=0.25,
    policy_reward_det_weight=1.25,
    policy_reward_fp_weight=0.15,
    policy_reward_geo_weight=0.05,
    policy_reward_mass_weight=0.3,
    policy_reward_outside_mass_weight=0.05,
    policy_reward_peak_weight=1.0,
    policy_reward_purity_weight=0.1,
    policy_train_topk=8,
    policy_use_gtcluster_det_baseline=False,
    proposal_bbox_loss_weight=0.25,
    proposal_iou_loss_weight=0.5,
    proposal_match_iou_thr=0.1,
    proposal_min_box_size=2.0,
    proposal_offset_clamp=1.5,
    proposal_scale_log_clamp=1.0,
    proposal_score_reduction='max',
    proposal_smooth_l1_beta=1.0,
    proposal_train_score_thr=0.05,
    proposal_train_topk=32,
    proposal_use_detached_logits=True,
    raw_roi_expand_ratio=1.0,
    refiner=dict(
        feat_channels=256,
        fusion_level=2,
        fusion_type='concat',
        hidden_dim=256,
        in_channels=256,
        min_box_size=2.0,
        num_ins=5,
        resize_mode='bilinear',
        state_roi_size=(
            7,
            7,
        ),
        state_sampling_ratio=2,
        template_rf_expand_values=(
            1.0,
            1.25,
            1.5,
            2.0,
            2.5,
        ),
        template_shape_height_values=(
            0.75,
            1.0,
            1.25,
            1.5,
        ),
        template_shape_width_values=(
            0.75,
            1.0,
            1.25,
            1.5,
        ),
        template_shift_values=(
            -0.5,
            -0.25,
            0.0,
            0.25,
            0.5,
        ),
        type='FPNTemplateThreeActionGRPORefiner'),
    refiner_handoff_alpha=0.0,
    refiner_sup_center_weight=1.0,
    refiner_sup_use_policy_topk=False,
    roi_score_thr=0.05,
    roi_source='refined',
    roi_topk=20,
    share_local_with_global=True,
    stitched_cell_gap=8,
    stitched_cell_size=(
        256,
        256,
    ),
    stitched_max_cols=4,
    test_cfg=dict(
        max_per_img=100,
        min_bbox_size=0,
        nms=dict(iou_threshold=0.5, type='nms'),
        nms_pre=1000,
        score_thr=0.05),
    train_cfg=None,
    train_global_head=True,
    train_local_head=False,
    type='FixedFlatSyncGRPODetector',
    use_local_head=False,
    use_refiner=True)
optim_wrapper = dict(
    clip_grad=dict(max_norm=5.0, norm_type=2),
    optimizer=dict(lr=0.0005, momentum=0.9, type='SGD', weight_decay=0.0001),
    type='OptimWrapper')
param_scheduler = [
    dict(
        begin=0,
        by_epoch=False,
        end=500,
        start_factor=0.3333333333333333,
        type='LinearLR'),
    dict(
        begin=0,
        by_epoch=True,
        end=28,
        gamma=0.1,
        milestones=[
            20,
            26,
        ],
        type='MultiStepLR'),
]
randomness = dict(seed=1154764286)
resume = False
rf_scale_bins = (
    1.5,
    3.0,
)
stride = 32
test_cfg = dict(type='TestLoop')
test_dataloader = dict(
    batch_size=1,
    dataset=dict(
        ann_file='Splits/test_v2.txt',
        backend_args=None,
        data_prefix=dict(sub_data_root=''),
        data_root='/data/DenseSIRST/SIRSTdevkit',
        pipeline=[
            dict(backend_args=None, type='LoadImageFromFile'),
            dict(type='LoadAnnotations', with_bbox=True),
            dict(keep_ratio=False, scale=(
                512,
                512,
            ), type='Resize'),
            dict(
                cluster_name='Target',
                cluster_tag='cluster',
                cluster_xml_subdir=
                '/data/DenseSIRST/SIRSTdevkit/SIRST/Cluster_relabel_graph_v2',
                cluster_xml_suffix='_with_clusters.xml',
                minus_one=True,
                missing_policy='empty',
                rf_scale_bins=(
                    1.5,
                    3.0,
                ),
                stride=32,
                type='GenerateC5TargetsFromClusterGT'),
            dict(
                meta_keys=(
                    'img_id',
                    'img_path',
                    'ori_shape',
                    'img_shape',
                    'scale_factor',
                    'gt_cls_map',
                    'gt_offset_map',
                    'gt_offset_weight',
                    'gt_scale_map',
                    'gt_scale_weight',
                    'gt_rf_level',
                    'gt_rf_weight',
                    'gt_cluster_bboxes',
                ),
                type='PackDetInputs'),
        ],
        test_mode=True,
        type='deepir.SIRSTVOCDetSegDataset'),
    drop_last=False,
    num_workers=2,
    persistent_workers=True,
    sampler=dict(shuffle=False, type='DefaultSampler'))
test_evaluator = [
    dict(
        eval_mode='11points',
        gt_source='instance',
        metric='mAP',
        pred_key='pred_global_instances',
        prefix='global_voc',
        type='SelectiveVOCMetric'),
    dict(
        eval_mode='11points',
        gt_source='cluster',
        metric='mAP',
        pred_key='pred_cluster_instances',
        prefix='raw_cluster_voc',
        type='SelectiveVOCMetric'),
    dict(
        eval_mode='11points',
        gt_source='cluster',
        metric='mAP',
        pred_key='pred_refined_cluster_instances',
        prefix='refined_cluster_voc',
        type='SelectiveVOCMetric'),
    dict(
        eval_mode='11points',
        gt_source='instance',
        metric='mAP',
        pred_key='pred_local_instances',
        prefix='local_voc',
        type='SelectiveVOCMetric'),
    dict(
        eval_mode='11points',
        metric='mAP',
        prefix='merged_voc',
        type='VOCMetric'),
]
test_pipeline = [
    dict(backend_args=None, type='LoadImageFromFile'),
    dict(type='LoadAnnotations', with_bbox=True),
    dict(keep_ratio=False, scale=(
        512,
        512,
    ), type='Resize'),
    dict(
        cluster_name='Target',
        cluster_tag='cluster',
        cluster_xml_subdir=
        '/data/DenseSIRST/SIRSTdevkit/SIRST/Cluster_relabel_graph_v2',
        cluster_xml_suffix='_with_clusters.xml',
        minus_one=True,
        missing_policy='empty',
        rf_scale_bins=(
            1.5,
            3.0,
        ),
        stride=32,
        type='GenerateC5TargetsFromClusterGT'),
    dict(
        meta_keys=(
            'img_id',
            'img_path',
            'ori_shape',
            'img_shape',
            'scale_factor',
            'gt_cls_map',
            'gt_offset_map',
            'gt_offset_weight',
            'gt_scale_map',
            'gt_scale_weight',
            'gt_rf_level',
            'gt_rf_weight',
            'gt_cluster_bboxes',
        ),
        type='PackDetInputs'),
]
train_cfg = dict(max_epochs=28, type='EpochBasedTrainLoop', val_interval=1)
train_dataloader = dict(
    batch_sampler=dict(type='AspectRatioBatchSampler'),
    batch_size=2,
    dataset=dict(
        ann_file='Splits/trainval_v2.txt',
        backend_args=None,
        data_prefix=dict(sub_data_root=''),
        data_root='/data/DenseSIRST/SIRSTdevkit',
        filter_cfg=dict(bbox_min_size=0, filter_empty_gt=False, min_size=0),
        pipeline=[
            dict(backend_args=None, type='LoadImageFromFile'),
            dict(type='LoadAnnotations', with_bbox=True),
            dict(keep_ratio=False, scale=(
                512,
                512,
            ), type='Resize'),
            dict(
                cluster_name='Target',
                cluster_tag='cluster',
                cluster_xml_subdir=
                '/data/DenseSIRST/SIRSTdevkit/SIRST/Cluster_relabel_graph_v2',
                cluster_xml_suffix='_with_clusters.xml',
                minus_one=True,
                missing_policy='empty',
                rf_scale_bins=(
                    1.5,
                    3.0,
                ),
                stride=32,
                type='GenerateC5TargetsFromClusterGT'),
            dict(
                meta_keys=(
                    'img_id',
                    'img_path',
                    'ori_shape',
                    'img_shape',
                    'scale_factor',
                    'gt_cls_map',
                    'gt_offset_map',
                    'gt_offset_weight',
                    'gt_scale_map',
                    'gt_scale_weight',
                    'gt_rf_level',
                    'gt_rf_weight',
                    'gt_cluster_bboxes',
                ),
                type='PackDetInputs'),
        ],
        type='deepir.SIRSTVOCDetSegDataset'),
    num_workers=2,
    persistent_workers=True,
    sampler=dict(shuffle=True, type='DefaultSampler'))
train_pipeline = [
    dict(backend_args=None, type='LoadImageFromFile'),
    dict(type='LoadAnnotations', with_bbox=True),
    dict(keep_ratio=False, scale=(
        512,
        512,
    ), type='Resize'),
    dict(
        cluster_name='Target',
        cluster_tag='cluster',
        cluster_xml_subdir=
        '/data/DenseSIRST/SIRSTdevkit/SIRST/Cluster_relabel_graph_v2',
        cluster_xml_suffix='_with_clusters.xml',
        minus_one=True,
        missing_policy='empty',
        rf_scale_bins=(
            1.5,
            3.0,
        ),
        stride=32,
        type='GenerateC5TargetsFromClusterGT'),
    dict(
        meta_keys=(
            'img_id',
            'img_path',
            'ori_shape',
            'img_shape',
            'scale_factor',
            'gt_cls_map',
            'gt_offset_map',
            'gt_offset_weight',
            'gt_scale_map',
            'gt_scale_weight',
            'gt_rf_level',
            'gt_rf_weight',
            'gt_cluster_bboxes',
        ),
        type='PackDetInputs'),
]
val_cfg = dict(type='ValLoop')
val_dataloader = dict(
    batch_size=1,
    dataset=dict(
        ann_file='Splits/test_v2.txt',
        backend_args=None,
        data_prefix=dict(sub_data_root=''),
        data_root='/data/DenseSIRST/SIRSTdevkit',
        pipeline=[
            dict(backend_args=None, type='LoadImageFromFile'),
            dict(type='LoadAnnotations', with_bbox=True),
            dict(keep_ratio=False, scale=(
                512,
                512,
            ), type='Resize'),
            dict(
                cluster_name='Target',
                cluster_tag='cluster',
                cluster_xml_subdir=
                'data/DenseSIRST/SIRSTdevkit/SIRST/Cluster_relabel_graph_v2',
                cluster_xml_suffix='_with_clusters.xml',
                minus_one=True,
                missing_policy='empty',
                rf_scale_bins=(
                    1.5,
                    3.0,
                ),
                stride=32,
                type='GenerateC5TargetsFromClusterGT'),
            dict(
                meta_keys=(
                    'img_id',
                    'img_path',
                    'ori_shape',
                    'img_shape',
                    'scale_factor',
                    'gt_cls_map',
                    'gt_offset_map',
                    'gt_offset_weight',
                    'gt_scale_map',
                    'gt_scale_weight',
                    'gt_rf_level',
                    'gt_rf_weight',
                    'gt_cluster_bboxes',
                ),
                type='PackDetInputs'),
        ],
        test_mode=True,
        type='deepir.SIRSTVOCDetSegDataset'),
    drop_last=False,
    num_workers=2,
    persistent_workers=True,
    sampler=dict(shuffle=False, type='DefaultSampler'))
val_evaluator = [
    dict(
        eval_mode='11points',
        gt_source='instance',
        metric='mAP',
        pred_key='pred_global_instances',
        prefix='global_voc',
        type='SelectiveVOCMetric'),
    dict(
        eval_mode='11points',
        gt_source='cluster',
        metric='mAP',
        pred_key='pred_cluster_instances',
        prefix='raw_cluster_voc',
        type='SelectiveVOCMetric'),
    dict(
        eval_mode='11points',
        gt_source='cluster',
        metric='mAP',
        pred_key='pred_refined_cluster_instances',
        prefix='refined_cluster_voc',
        type='SelectiveVOCMetric'),
    dict(
        eval_mode='11points',
        gt_source='instance',
        metric='mAP',
        pred_key='pred_local_instances',
        prefix='local_voc',
        type='SelectiveVOCMetric'),
    dict(
        eval_mode='11points',
        metric='mAP',
        prefix='merged_voc',
        type='VOCMetric'),
]
val_pipeline = [
    dict(backend_args=None, type='LoadImageFromFile'),
    dict(type='LoadAnnotations', with_bbox=True),
    dict(keep_ratio=False, scale=(
        512,
        512,
    ), type='Resize'),
    dict(
        cluster_name='Target',
        cluster_tag='cluster',
        cluster_xml_subdir=
        '/data/DenseSIRST/SIRSTdevkit/SIRST/Cluster_relabel_graph_v2',
        cluster_xml_suffix='_with_clusters.xml',
        minus_one=True,
        missing_policy='empty',
        rf_scale_bins=(
            1.5,
            3.0,
        ),
        stride=32,
        type='GenerateC5TargetsFromClusterGT'),
    dict(
        meta_keys=(
            'img_id',
            'img_path',
            'ori_shape',
            'img_shape',
            'scale_factor',
            'gt_cls_map',
            'gt_offset_map',
            'gt_offset_weight',
            'gt_scale_map',
            'gt_scale_weight',
            'gt_rf_level',
            'gt_rf_weight',
            'gt_cluster_bboxes',
        ),
        type='PackDetInputs'),
]
vis_backends = [
    dict(type='LocalVisBackend'),
]
visualizer = dict(
    name='visualizer',
    type='DetLocalVisualizer',
    vis_backends=[
        dict(type='LocalVisBackend'),
    ])
work_dir = 'work_dirs/adascope'

2026/05/26 18:01:37 - mmengine - INFO - Distributed training is not used, all SyncBatchNorm (SyncBN) layers in the model will be automatically reverted to BatchNormXd layers if they are used.
2026/05/26 18:01:37 - mmengine - INFO - Hooks will be executed in the following order:
before_run:
(VERY_HIGH   ) RuntimeInfoHook                    
(BELOW_NORMAL) LoggerHook                         
 -------------------- 
before_train:
(VERY_HIGH   ) RuntimeInfoHook                    
(NORMAL      ) IterTimerHook                      
(VERY_LOW    ) CheckpointHook                     
 -------------------- 
before_train_epoch:
(VERY_HIGH   ) RuntimeInfoHook                    
(NORMAL      ) IterTimerHook                      
(NORMAL      ) DistSamplerSeedHook                
(NORMAL      ) SynWarmupSupGRPOStageHook          
 -------------------- 
before_train_iter:
(VERY_HIGH   ) RuntimeInfoHook                    
(NORMAL      ) IterTimerHook                      
 -------------------- 
after_train_iter:
(VERY_HIGH   ) RuntimeInfoHook                    
(NORMAL      ) IterTimerHook                      
(BELOW_NORMAL) LoggerHook                         
(LOW         ) ParamSchedulerHook                 
(VERY_LOW    ) CheckpointHook                     
 -------------------- 
after_train_epoch:
(NORMAL      ) IterTimerHook                      
(LOW         ) ParamSchedulerHook                 
(VERY_LOW    ) CheckpointHook                     
 -------------------- 
before_val:
(VERY_HIGH   ) RuntimeInfoHook                    
 -------------------- 
before_val_epoch:
(NORMAL      ) IterTimerHook                      
(NORMAL      ) SynWarmupSupGRPOStageHook          
 -------------------- 
before_val_iter:
(NORMAL      ) IterTimerHook                      
 -------------------- 
after_val_iter:
(NORMAL      ) IterTimerHook                      
(NORMAL      ) DetVisualizationHook               
(BELOW_NORMAL) LoggerHook                         
 -------------------- 
after_val_epoch:
(VERY_HIGH   ) RuntimeInfoHook                    
(NORMAL      ) IterTimerHook                      
(NORMAL      ) SynWarmupSupGRPOStageHook          
(BELOW_NORMAL) LoggerHook                         
(LOW         ) ParamSchedulerHook                 
(VERY_LOW    ) CheckpointHook                     
 -------------------- 
after_val:
(VERY_HIGH   ) RuntimeInfoHook                    
 -------------------- 
after_train:
(VERY_HIGH   ) RuntimeInfoHook                    
(VERY_LOW    ) CheckpointHook                     
 -------------------- 
before_test:
(VERY_HIGH   ) RuntimeInfoHook                    
 -------------------- 
before_test_epoch:
(NORMAL      ) IterTimerHook                      
 -------------------- 
before_test_iter:
(NORMAL      ) IterTimerHook                      
 -------------------- 
after_test_iter:
(NORMAL      ) IterTimerHook                      
(NORMAL      ) DetVisualizationHook               
(BELOW_NORMAL) LoggerHook                         
 -------------------- 
after_test_epoch:
(VERY_HIGH   ) RuntimeInfoHook                    
(NORMAL      ) IterTimerHook                      
(BELOW_NORMAL) LoggerHook                         
 -------------------- 
after_test:
(VERY_HIGH   ) RuntimeInfoHook                    
 -------------------- 
after_run:
(BELOW_NORMAL) LoggerHook                         
 -------------------- 
2026/05/26 18:01:47 - mmengine - INFO - load model from: torchvision://resnet50
2026/05/26 18:01:47 - mmengine - INFO - Loads checkpoint by torchvision backend from path: torchvision://resnet50
2026/05/26 18:01:47 - mmengine - WARNING - The model and loaded state dict do not match exactly

unexpected key in source state_dict: fc.weight, fc.bias

Name of parameter - Initialization information

backbone.conv1.weight - torch.Size([64, 3, 7, 7]): 
PretrainedInit: load from torchvision://resnet50 

backbone.bn1.weight - torch.Size([64]): 
PretrainedInit: load from torchvision://resnet50 

backbone.bn1.bias - torch.Size([64]): 
PretrainedInit: load from torchvision://resnet50 

backbone.layer1.0.conv1.weight - torch.Size([64, 64, 1, 1]): 
PretrainedInit: load from torchvision://resnet50 

backbone.layer1.0.bn1.weight - torch.Size([64]): 
PretrainedInit: load from torchvision://resnet50 

backbone.layer1.0.bn1.bias - torch.Size([64]): 
PretrainedInit: load from torchvision://resnet50 

backbone.layer1.0.conv2.weight - torch.Size([64, 64, 3, 3]): 
PretrainedInit: load from torchvision://resnet50 

backbone.layer1.0.bn2.weight - torch.Size([64]): 
PretrainedInit: load from torchvision://resnet50 

backbone.layer1.0.bn2.bias - torch.Size([64]): 
PretrainedInit: load from torchvision://resnet50 

backbone.layer1.0.conv3.weight - torch.Size([256, 64, 1, 1]): 
PretrainedInit: load from torchvision://resnet50 

backbone.layer1.0.bn3.weight - torch.Size([256]): 
PretrainedInit: load from torchvision://resnet50 

backbone.layer1.0.bn3.bias - torch.Size([256]): 
PretrainedInit: load from torchvision://resnet50 

backbone.layer1.0.downsample.0.weight - torch.Size([256, 64, 1, 1]): 
PretrainedInit: load from torchvision://resnet50 

backbone.layer1.0.downsample.1.weight - torch.Size([256]): 
PretrainedInit: load from torchvision://resnet50 

backbone.layer1.0.downsample.1.bias - torch.Size([256]): 
PretrainedInit: load from torchvision://resnet50 

backbone.layer1.1.conv1.weight - torch.Size([64, 256, 1, 1]): 
PretrainedInit: load from torchvision://resnet50 

backbone.layer1.1.bn1.weight - torch.Size([64]): 
PretrainedInit: load from torchvision://resnet50 

backbone.layer1.1.bn1.bias - torch.Size([64]): 
PretrainedInit: load from torchvision://resnet50 

backbone.layer1.1.conv2.weight - torch.Size([64, 64, 3, 3]): 
PretrainedInit: load from torchvision://resnet50 

backbone.layer1.1.bn2.weight - torch.Size([64]): 
PretrainedInit: load from torchvision://resnet50 

backbone.layer1.1.bn2.bias - torch.Size([64]): 
PretrainedInit: load from torchvision://resnet50 

backbone.layer1.1.conv3.weight - torch.Size([256, 64, 1, 1]): 
PretrainedInit: load from torchvision://resnet50 

backbone.layer1.1.bn3.weight - torch.Size([256]): 
PretrainedInit: load from torchvision://resnet50 

backbone.layer1.1.bn3.bias - torch.Size([256]): 
PretrainedInit: load from torchvision://resnet50 

backbone.layer1.2.conv1.weight - torch.Size([64, 256, 1, 1]): 
PretrainedInit: load from torchvision://resnet50 

backbone.layer1.2.bn1.weight - torch.Size([64]): 
PretrainedInit: load from torchvision://resnet50 

backbone.layer1.2.bn1.bias - torch.Size([64]): 
PretrainedInit: load from torchvision://resnet50 

backbone.layer1.2.conv2.weight - torch.Size([64, 64, 3, 3]): 
PretrainedInit: load from torchvision://resnet50 

backbone.layer1.2.bn2.weight - torch.Size([64]): 
PretrainedInit: load from torchvision://resnet50 

backbone.layer1.2.bn2.bias - torch.Size([64]): 
PretrainedInit: load from torchvision://resnet50 

backbone.layer1.2.conv3.weight - torch.Size([256, 64, 1, 1]): 
PretrainedInit: load from torchvision://resnet50 

backbone.layer1.2.bn3.weight - torch.Size([256]): 
PretrainedInit: load from torchvision://resnet50 

backbone.layer1.2.bn3.bias - torch.Size([256]): 
PretrainedInit: load from torchvision://resnet50 

backbone.layer2.0.conv1.weight - torch.Size([128, 256, 1, 1]): 
PretrainedInit: load from torchvision://resnet50 

backbone.layer2.0.bn1.weight - torch.Size([128]): 
PretrainedInit: load from torchvision://resnet50 

backbone.layer2.0.bn1.bias - torch.Size([128]): 
PretrainedInit: load from torchvision://resnet50 

backbone.layer2.0.conv2.weight - torch.Size([128, 128, 3, 3]): 
PretrainedInit: load from torchvision://resnet50 

backbone.layer2.0.bn2.weight - torch.Size([128]): 
PretrainedInit: load from torchvision://resnet50 

backbone.layer2.0.bn2.bias - torch.Size([128]): 
PretrainedInit: load from torchvision://resnet50 

backbone.layer2.0.conv3.weight - torch.Size([512, 128, 1, 1]): 
PretrainedInit: load from torchvision://resnet50 

backbone.layer2.0.bn3.weight - torch.Size([512]): 
PretrainedInit: load from torchvision://resnet50 

backbone.layer2.0.bn3.bias - torch.Size([512]): 
PretrainedInit: load from torchvision://resnet50 

backbone.layer2.0.downsample.0.weight - torch.Size([512, 256, 1, 1]): 
PretrainedInit: load from torchvision://resnet50 

backbone.layer2.0.downsample.1.weight - torch.Size([512]): 
PretrainedInit: load from torchvision://resnet50 

backbone.layer2.0.downsample.1.bias - torch.Size([512]): 
PretrainedInit: load from torchvision://resnet50 

backbone.layer2.1.conv1.weight - torch.Size([128, 512, 1, 1]): 
PretrainedInit: load from torchvision://resnet50 

backbone.layer2.1.bn1.weight - torch.Size([128]): 
PretrainedInit: load from torchvision://resnet50 

backbone.layer2.1.bn1.bias - torch.Size([128]): 
PretrainedInit: load from torchvision://resnet50 

backbone.layer2.1.conv2.weight - torch.Size([128, 128, 3, 3]): 
PretrainedInit: load from torchvision://resnet50 

backbone.layer2.1.bn2.weight - torch.Size([128]): 
PretrainedInit: load from torchvision://resnet50 

backbone.layer2.1.bn2.bias - torch.Size([128]): 
PretrainedInit: load from torchvision://resnet50 

backbone.layer2.1.conv3.weight - torch.Size([512, 128, 1, 1]): 
PretrainedInit: load from torchvision://resnet50 

backbone.layer2.1.bn3.weight - torch.Size([512]): 
PretrainedInit: load from torchvision://resnet50 

backbone.layer2.1.bn3.bias - torch.Size([512]): 
PretrainedInit: load from torchvision://resnet50 

backbone.layer2.2.conv1.weight - torch.Size([128, 512, 1, 1]): 
PretrainedInit: load from torchvision://resnet50 

backbone.layer2.2.bn1.weight - torch.Size([128]): 
PretrainedInit: load from torchvision://resnet50 

backbone.layer2.2.bn1.bias - torch.Size([128]): 
PretrainedInit: load from torchvision://resnet50 

backbone.layer2.2.conv2.weight - torch.Size([128, 128, 3, 3]): 
PretrainedInit: load from torchvision://resnet50 

backbone.layer2.2.bn2.weight - torch.Size([128]): 
PretrainedInit: load from torchvision://resnet50 

backbone.layer2.2.bn2.bias - torch.Size([128]): 
PretrainedInit: load from torchvision://resnet50 

backbone.layer2.2.conv3.weight - torch.Size([512, 128, 1, 1]): 
PretrainedInit: load from torchvision://resnet50 

backbone.layer2.2.bn3.weight - torch.Size([512]): 
PretrainedInit: load from torchvision://resnet50 

backbone.layer2.2.bn3.bias - torch.Size([512]): 
PretrainedInit: load from torchvision://resnet50 

backbone.layer2.3.conv1.weight - torch.Size([128, 512, 1, 1]): 
PretrainedInit: load from torchvision://resnet50 

backbone.layer2.3.bn1.weight - torch.Size([128]): 
PretrainedInit: load from torchvision://resnet50 

backbone.layer2.3.bn1.bias - torch.Size([128]): 
PretrainedInit: load from torchvision://resnet50 

backbone.layer2.3.conv2.weight - torch.Size([128, 128, 3, 3]): 
PretrainedInit: load from torchvision://resnet50 

backbone.layer2.3.bn2.weight - torch.Size([128]): 
PretrainedInit: load from torchvision://resnet50 

backbone.layer2.3.bn2.bias - torch.Size([128]): 
PretrainedInit: load from torchvision://resnet50 

backbone.layer2.3.conv3.weight - torch.Size([512, 128, 1, 1]): 
PretrainedInit: load from torchvision://resnet50 

backbone.layer2.3.bn3.weight - torch.Size([512]): 
PretrainedInit: load from torchvision://resnet50 

backbone.layer2.3.bn3.bias - torch.Size([512]): 
PretrainedInit: load from torchvision://resnet50 

backbone.layer3.0.conv1.weight - torch.Size([256, 512, 1, 1]): 
PretrainedInit: load from torchvision://resnet50 

backbone.layer3.0.bn1.weight - torch.Size([256]): 
PretrainedInit: load from torchvision://resnet50 

backbone.layer3.0.bn1.bias - torch.Size([256]): 
PretrainedInit: load from torchvision://resnet50 

backbone.layer3.0.conv2.weight - torch.Size([256, 256, 3, 3]): 
PretrainedInit: load from torchvision://resnet50 

backbone.layer3.0.bn2.weight - torch.Size([256]): 
PretrainedInit: load from torchvision://resnet50 

backbone.layer3.0.bn2.bias - torch.Size([256]): 
PretrainedInit: load from torchvision://resnet50 

backbone.layer3.0.conv3.weight - torch.Size([1024, 256, 1, 1]): 
PretrainedInit: load from torchvision://resnet50 

backbone.layer3.0.bn3.weight - torch.Size([1024]): 
PretrainedInit: load from torchvision://resnet50 

backbone.layer3.0.bn3.bias - torch.Size([1024]): 
PretrainedInit: load from torchvision://resnet50 

backbone.layer3.0.downsample.0.weight - torch.Size([1024, 512, 1, 1]): 
PretrainedInit: load from torchvision://resnet50 

backbone.layer3.0.downsample.1.weight - torch.Size([1024]): 
PretrainedInit: load from torchvision://resnet50 

backbone.layer3.0.downsample.1.bias - torch.Size([1024]): 
PretrainedInit: load from torchvision://resnet50 

backbone.layer3.1.conv1.weight - torch.Size([256, 1024, 1, 1]): 
PretrainedInit: load from torchvision://resnet50 

backbone.layer3.1.bn1.weight - torch.Size([256]): 
PretrainedInit: load from torchvision://resnet50 

backbone.layer3.1.bn1.bias - torch.Size([256]): 
PretrainedInit: load from torchvision://resnet50 

backbone.layer3.1.conv2.weight - torch.Size([256, 256, 3, 3]): 
PretrainedInit: load from torchvision://resnet50 

backbone.layer3.1.bn2.weight - torch.Size([256]): 
PretrainedInit: load from torchvision://resnet50 

backbone.layer3.1.bn2.bias - torch.Size([256]): 
PretrainedInit: load from torchvision://resnet50 

backbone.layer3.1.conv3.weight - torch.Size([1024, 256, 1, 1]): 
PretrainedInit: load from torchvision://resnet50 

backbone.layer3.1.bn3.weight - torch.Size([1024]): 
PretrainedInit: load from torchvision://resnet50 

backbone.layer3.1.bn3.bias - torch.Size([1024]): 
PretrainedInit: load from torchvision://resnet50 

backbone.layer3.2.conv1.weight - torch.Size([256, 1024, 1, 1]): 
PretrainedInit: load from torchvision://resnet50 

backbone.layer3.2.bn1.weight - torch.Size([256]): 
PretrainedInit: load from torchvision://resnet50 

backbone.layer3.2.bn1.bias - torch.Size([256]): 
PretrainedInit: load from torchvision://resnet50 

backbone.layer3.2.conv2.weight - torch.Size([256, 256, 3, 3]): 
PretrainedInit: load from torchvision://resnet50 

backbone.layer3.2.bn2.weight - torch.Size([256]): 
PretrainedInit: load from torchvision://resnet50 

backbone.layer3.2.bn2.bias - torch.Size([256]): 
PretrainedInit: load from torchvision://resnet50 

backbone.layer3.2.conv3.weight - torch.Size([1024, 256, 1, 1]): 
PretrainedInit: load from torchvision://resnet50 

backbone.layer3.2.bn3.weight - torch.Size([1024]): 
PretrainedInit: load from torchvision://resnet50 

backbone.layer3.2.bn3.bias - torch.Size([1024]): 
PretrainedInit: load from torchvision://resnet50 

backbone.layer3.3.conv1.weight - torch.Size([256, 1024, 1, 1]): 
PretrainedInit: load from torchvision://resnet50 

backbone.layer3.3.bn1.weight - torch.Size([256]): 
PretrainedInit: load from torchvision://resnet50 

backbone.layer3.3.bn1.bias - torch.Size([256]): 
PretrainedInit: load from torchvision://resnet50 

backbone.layer3.3.conv2.weight - torch.Size([256, 256, 3, 3]): 
PretrainedInit: load from torchvision://resnet50 

backbone.layer3.3.bn2.weight - torch.Size([256]): 
PretrainedInit: load from torchvision://resnet50 

backbone.layer3.3.bn2.bias - torch.Size([256]): 
PretrainedInit: load from torchvision://resnet50 

backbone.layer3.3.conv3.weight - torch.Size([1024, 256, 1, 1]): 
PretrainedInit: load from torchvision://resnet50 

backbone.layer3.3.bn3.weight - torch.Size([1024]): 
PretrainedInit: load from torchvision://resnet50 

backbone.layer3.3.bn3.bias - torch.Size([1024]): 
PretrainedInit: load from torchvision://resnet50 

backbone.layer3.4.conv1.weight - torch.Size([256, 1024, 1, 1]): 
PretrainedInit: load from torchvision://resnet50 

backbone.layer3.4.bn1.weight - torch.Size([256]): 
PretrainedInit: load from torchvision://resnet50 

backbone.layer3.4.bn1.bias - torch.Size([256]): 
PretrainedInit: load from torchvision://resnet50 

backbone.layer3.4.conv2.weight - torch.Size([256, 256, 3, 3]): 
PretrainedInit: load from torchvision://resnet50 

backbone.layer3.4.bn2.weight - torch.Size([256]): 
PretrainedInit: load from torchvision://resnet50 

backbone.layer3.4.bn2.bias - torch.Size([256]): 
PretrainedInit: load from torchvision://resnet50 

backbone.layer3.4.conv3.weight - torch.Size([1024, 256, 1, 1]): 
PretrainedInit: load from torchvision://resnet50 

backbone.layer3.4.bn3.weight - torch.Size([1024]): 
PretrainedInit: load from torchvision://resnet50 

backbone.layer3.4.bn3.bias - torch.Size([1024]): 
PretrainedInit: load from torchvision://resnet50 

backbone.layer3.5.conv1.weight - torch.Size([256, 1024, 1, 1]): 
PretrainedInit: load from torchvision://resnet50 

backbone.layer3.5.bn1.weight - torch.Size([256]): 
PretrainedInit: load from torchvision://resnet50 

backbone.layer3.5.bn1.bias - torch.Size([256]): 
PretrainedInit: load from torchvision://resnet50 

backbone.layer3.5.conv2.weight - torch.Size([256, 256, 3, 3]): 
PretrainedInit: load from torchvision://resnet50 

backbone.layer3.5.bn2.weight - torch.Size([256]): 
PretrainedInit: load from torchvision://resnet50 

backbone.layer3.5.bn2.bias - torch.Size([256]): 
PretrainedInit: load from torchvision://resnet50 

backbone.layer3.5.conv3.weight - torch.Size([1024, 256, 1, 1]): 
PretrainedInit: load from torchvision://resnet50 

backbone.layer3.5.bn3.weight - torch.Size([1024]): 
PretrainedInit: load from torchvision://resnet50 

backbone.layer3.5.bn3.bias - torch.Size([1024]): 
PretrainedInit: load from torchvision://resnet50 

backbone.layer4.0.conv1.weight - torch.Size([512, 1024, 1, 1]): 
PretrainedInit: load from torchvision://resnet50 

backbone.layer4.0.bn1.weight - torch.Size([512]): 
PretrainedInit: load from torchvision://resnet50 

backbone.layer4.0.bn1.bias - torch.Size([512]): 
PretrainedInit: load from torchvision://resnet50 

backbone.layer4.0.conv2.weight - torch.Size([512, 512, 3, 3]): 
PretrainedInit: load from torchvision://resnet50 

backbone.layer4.0.bn2.weight - torch.Size([512]): 
PretrainedInit: load from torchvision://resnet50 

backbone.layer4.0.bn2.bias - torch.Size([512]): 
PretrainedInit: load from torchvision://resnet50 

backbone.layer4.0.conv3.weight - torch.Size([2048, 512, 1, 1]): 
PretrainedInit: load from torchvision://resnet50 

backbone.layer4.0.bn3.weight - torch.Size([2048]): 
PretrainedInit: load from torchvision://resnet50 

backbone.layer4.0.bn3.bias - torch.Size([2048]): 
PretrainedInit: load from torchvision://resnet50 

backbone.layer4.0.downsample.0.weight - torch.Size([2048, 1024, 1, 1]): 
PretrainedInit: load from torchvision://resnet50 

backbone.layer4.0.downsample.1.weight - torch.Size([2048]): 
PretrainedInit: load from torchvision://resnet50 

backbone.layer4.0.downsample.1.bias - torch.Size([2048]): 
PretrainedInit: load from torchvision://resnet50 

backbone.layer4.1.conv1.weight - torch.Size([512, 2048, 1, 1]): 
PretrainedInit: load from torchvision://resnet50 

backbone.layer4.1.bn1.weight - torch.Size([512]): 
PretrainedInit: load from torchvision://resnet50 

backbone.layer4.1.bn1.bias - torch.Size([512]): 
PretrainedInit: load from torchvision://resnet50 

backbone.layer4.1.conv2.weight - torch.Size([512, 512, 3, 3]): 
PretrainedInit: load from torchvision://resnet50 

backbone.layer4.1.bn2.weight - torch.Size([512]): 
PretrainedInit: load from torchvision://resnet50 

backbone.layer4.1.bn2.bias - torch.Size([512]): 
PretrainedInit: load from torchvision://resnet50 

backbone.layer4.1.conv3.weight - torch.Size([2048, 512, 1, 1]): 
PretrainedInit: load from torchvision://resnet50 

backbone.layer4.1.bn3.weight - torch.Size([2048]): 
PretrainedInit: load from torchvision://resnet50 

backbone.layer4.1.bn3.bias - torch.Size([2048]): 
PretrainedInit: load from torchvision://resnet50 

backbone.layer4.2.conv1.weight - torch.Size([512, 2048, 1, 1]): 
PretrainedInit: load from torchvision://resnet50 

backbone.layer4.2.bn1.weight - torch.Size([512]): 
PretrainedInit: load from torchvision://resnet50 

backbone.layer4.2.bn1.bias - torch.Size([512]): 
PretrainedInit: load from torchvision://resnet50 

backbone.layer4.2.conv2.weight - torch.Size([512, 512, 3, 3]): 
PretrainedInit: load from torchvision://resnet50 

backbone.layer4.2.bn2.weight - torch.Size([512]): 
PretrainedInit: load from torchvision://resnet50 

backbone.layer4.2.bn2.bias - torch.Size([512]): 
PretrainedInit: load from torchvision://resnet50 

backbone.layer4.2.conv3.weight - torch.Size([2048, 512, 1, 1]): 
PretrainedInit: load from torchvision://resnet50 

backbone.layer4.2.bn3.weight - torch.Size([2048]): 
PretrainedInit: load from torchvision://resnet50 

backbone.layer4.2.bn3.bias - torch.Size([2048]): 
PretrainedInit: load from torchvision://resnet50 

neck.lateral_convs.0.conv.weight - torch.Size([256, 512, 1, 1]): 
XavierInit: gain=1, distribution=uniform, bias=0 

neck.lateral_convs.0.conv.bias - torch.Size([256]): 
The value is the same before and after calling `init_weights` of FixedFlatSyncGRPODetector  

neck.lateral_convs.1.conv.weight - torch.Size([256, 1024, 1, 1]): 
XavierInit: gain=1, distribution=uniform, bias=0 

neck.lateral_convs.1.conv.bias - torch.Size([256]): 
The value is the same before and after calling `init_weights` of FixedFlatSyncGRPODetector  

neck.lateral_convs.2.conv.weight - torch.Size([256, 2048, 1, 1]): 
XavierInit: gain=1, distribution=uniform, bias=0 

neck.lateral_convs.2.conv.bias - torch.Size([256]): 
The value is the same before and after calling `init_weights` of FixedFlatSyncGRPODetector  

neck.fpn_convs.0.conv.weight - torch.Size([256, 256, 3, 3]): 
XavierInit: gain=1, distribution=uniform, bias=0 

neck.fpn_convs.0.conv.bias - torch.Size([256]): 
The value is the same before and after calling `init_weights` of FixedFlatSyncGRPODetector  

neck.fpn_convs.1.conv.weight - torch.Size([256, 256, 3, 3]): 
XavierInit: gain=1, distribution=uniform, bias=0 

neck.fpn_convs.1.conv.bias - torch.Size([256]): 
The value is the same before and after calling `init_weights` of FixedFlatSyncGRPODetector  

neck.fpn_convs.2.conv.weight - torch.Size([256, 256, 3, 3]): 
XavierInit: gain=1, distribution=uniform, bias=0 

neck.fpn_convs.2.conv.bias - torch.Size([256]): 
The value is the same before and after calling `init_weights` of FixedFlatSyncGRPODetector  

bbox_head.cls_convs.0.conv.weight - torch.Size([256, 256, 3, 3]): 
NormalInit: mean=0, std=0.01, bias=0 

bbox_head.cls_convs.0.gn.weight - torch.Size([256]): 
The value is the same before and after calling `init_weights` of FixedFlatSyncGRPODetector  

bbox_head.cls_convs.0.gn.bias - torch.Size([256]): 
The value is the same before and after calling `init_weights` of FixedFlatSyncGRPODetector  

bbox_head.cls_convs.1.conv.weight - torch.Size([256, 256, 3, 3]): 
NormalInit: mean=0, std=0.01, bias=0 

bbox_head.cls_convs.1.gn.weight - torch.Size([256]): 
The value is the same before and after calling `init_weights` of FixedFlatSyncGRPODetector  

bbox_head.cls_convs.1.gn.bias - torch.Size([256]): 
The value is the same before and after calling `init_weights` of FixedFlatSyncGRPODetector  

bbox_head.cls_convs.2.conv.weight - torch.Size([256, 256, 3, 3]): 
NormalInit: mean=0, std=0.01, bias=0 

bbox_head.cls_convs.2.gn.weight - torch.Size([256]): 
The value is the same before and after calling `init_weights` of FixedFlatSyncGRPODetector  

bbox_head.cls_convs.2.gn.bias - torch.Size([256]): 
The value is the same before and after calling `init_weights` of FixedFlatSyncGRPODetector  

bbox_head.cls_convs.3.conv.weight - torch.Size([256, 256, 3, 3]): 
NormalInit: mean=0, std=0.01, bias=0 

bbox_head.cls_convs.3.gn.weight - torch.Size([256]): 
The value is the same before and after calling `init_weights` of FixedFlatSyncGRPODetector  

bbox_head.cls_convs.3.gn.bias - torch.Size([256]): 
The value is the same before and after calling `init_weights` of FixedFlatSyncGRPODetector  

bbox_head.reg_convs.0.conv.weight - torch.Size([256, 256, 3, 3]): 
NormalInit: mean=0, std=0.01, bias=0 

bbox_head.reg_convs.0.gn.weight - torch.Size([256]): 
The value is the same before and after calling `init_weights` of FixedFlatSyncGRPODetector  

bbox_head.reg_convs.0.gn.bias - torch.Size([256]): 
The value is the same before and after calling `init_weights` of FixedFlatSyncGRPODetector  

bbox_head.reg_convs.1.conv.weight - torch.Size([256, 256, 3, 3]): 
NormalInit: mean=0, std=0.01, bias=0 

bbox_head.reg_convs.1.gn.weight - torch.Size([256]): 
The value is the same before and after calling `init_weights` of FixedFlatSyncGRPODetector  

bbox_head.reg_convs.1.gn.bias - torch.Size([256]): 
The value is the same before and after calling `init_weights` of FixedFlatSyncGRPODetector  

bbox_head.reg_convs.2.conv.weight - torch.Size([256, 256, 3, 3]): 
NormalInit: mean=0, std=0.01, bias=0 

bbox_head.reg_convs.2.gn.weight - torch.Size([256]): 
The value is the same before and after calling `init_weights` of FixedFlatSyncGRPODetector  

bbox_head.reg_convs.2.gn.bias - torch.Size([256]): 
The value is the same before and after calling `init_weights` of FixedFlatSyncGRPODetector  

bbox_head.reg_convs.3.conv.weight - torch.Size([256, 256, 3, 3]): 
NormalInit: mean=0, std=0.01, bias=0 

bbox_head.reg_convs.3.gn.weight - torch.Size([256]): 
The value is the same before and after calling `init_weights` of FixedFlatSyncGRPODetector  

bbox_head.reg_convs.3.gn.bias - torch.Size([256]): 
The value is the same before and after calling `init_weights` of FixedFlatSyncGRPODetector  

bbox_head.conv_cls.weight - torch.Size([1, 256, 3, 3]): 
NormalInit: mean=0, std=0.01, bias=-4.59511985013459 

bbox_head.conv_cls.bias - torch.Size([1]): 
NormalInit: mean=0, std=0.01, bias=-4.59511985013459 

bbox_head.conv_reg.weight - torch.Size([4, 256, 3, 3]): 
NormalInit: mean=0, std=0.01, bias=0 

bbox_head.conv_reg.bias - torch.Size([4]): 
NormalInit: mean=0, std=0.01, bias=0 

bbox_head.conv_centerness.weight - torch.Size([1, 256, 3, 3]): 
NormalInit: mean=0, std=0.01, bias=0 

bbox_head.conv_centerness.bias - torch.Size([1]): 
NormalInit: mean=0, std=0.01, bias=0 

bbox_head.scales.0.scale - torch.Size([]): 
The value is the same before and after calling `init_weights` of FixedFlatSyncGRPODetector  

bbox_head.scales.1.scale - torch.Size([]): 
The value is the same before and after calling `init_weights` of FixedFlatSyncGRPODetector  

bbox_head.scales.2.scale - torch.Size([]): 
The value is the same before and after calling `init_weights` of FixedFlatSyncGRPODetector  

bbox_head.scales.3.scale - torch.Size([]): 
The value is the same before and after calling `init_weights` of FixedFlatSyncGRPODetector  

bbox_head.scales.4.scale - torch.Size([]): 
The value is the same before and after calling `init_weights` of FixedFlatSyncGRPODetector  

cluster_head.cls_subnet.0.weight - torch.Size([256, 2048, 3, 3]): 
The value is the same before and after calling `init_weights` of FixedFlatSyncGRPODetector  

cluster_head.cls_subnet.0.bias - torch.Size([256]): 
The value is the same before and after calling `init_weights` of FixedFlatSyncGRPODetector  

cluster_head.cls_subnet.2.weight - torch.Size([256, 256, 3, 3]): 
The value is the same before and after calling `init_weights` of FixedFlatSyncGRPODetector  

cluster_head.cls_subnet.2.bias - torch.Size([256]): 
The value is the same before and after calling `init_weights` of FixedFlatSyncGRPODetector  

cluster_head.cls_subnet.4.weight - torch.Size([256, 256, 3, 3]): 
The value is the same before and after calling `init_weights` of FixedFlatSyncGRPODetector  

cluster_head.cls_subnet.4.bias - torch.Size([256]): 
The value is the same before and after calling `init_weights` of FixedFlatSyncGRPODetector  

cluster_head.cls_subnet.6.weight - torch.Size([256, 256, 3, 3]): 
The value is the same before and after calling `init_weights` of FixedFlatSyncGRPODetector  

cluster_head.cls_subnet.6.bias - torch.Size([256]): 
The value is the same before and after calling `init_weights` of FixedFlatSyncGRPODetector  

cluster_head.cls_pred.weight - torch.Size([1, 256, 1, 1]): 
NormalInit: mean=0, std=0.01, bias=0 

cluster_head.cls_pred.bias - torch.Size([1]): 
NormalInit: mean=0, std=0.01, bias=0 

refiner.input_proj.0.weight - torch.Size([256, 256, 1, 1]): 
The value is the same before and after calling `init_weights` of FixedFlatSyncGRPODetector  

refiner.input_proj.0.bias - torch.Size([256]): 
The value is the same before and after calling `init_weights` of FixedFlatSyncGRPODetector  

refiner.input_proj.1.weight - torch.Size([256, 256, 1, 1]): 
The value is the same before and after calling `init_weights` of FixedFlatSyncGRPODetector  

refiner.input_proj.1.bias - torch.Size([256]): 
The value is the same before and after calling `init_weights` of FixedFlatSyncGRPODetector  

refiner.input_proj.2.weight - torch.Size([256, 256, 1, 1]): 
The value is the same before and after calling `init_weights` of FixedFlatSyncGRPODetector  

refiner.input_proj.2.bias - torch.Size([256]): 
The value is the same before and after calling `init_weights` of FixedFlatSyncGRPODetector  

refiner.input_proj.3.weight - torch.Size([256, 256, 1, 1]): 
The value is the same before and after calling `init_weights` of FixedFlatSyncGRPODetector  

refiner.input_proj.3.bias - torch.Size([256]): 
The value is the same before and after calling `init_weights` of FixedFlatSyncGRPODetector  

refiner.input_proj.4.weight - torch.Size([256, 256, 1, 1]): 
The value is the same before and after calling `init_weights` of FixedFlatSyncGRPODetector  

refiner.input_proj.4.bias - torch.Size([256]): 
The value is the same before and after calling `init_weights` of FixedFlatSyncGRPODetector  

refiner.fuse.0.weight - torch.Size([256, 1280, 1, 1]): 
The value is the same before and after calling `init_weights` of FixedFlatSyncGRPODetector  

refiner.fuse.0.bias - torch.Size([256]): 
The value is the same before and after calling `init_weights` of FixedFlatSyncGRPODetector  

refiner.shared.0.weight - torch.Size([256, 256, 3, 3]): 
The value is the same before and after calling `init_weights` of FixedFlatSyncGRPODetector  

refiner.shared.0.bias - torch.Size([256]): 
The value is the same before and after calling `init_weights` of FixedFlatSyncGRPODetector  

refiner.shared.2.weight - torch.Size([256, 256, 3, 3]): 
The value is the same before and after calling `init_weights` of FixedFlatSyncGRPODetector  

refiner.shared.2.bias - torch.Size([256]): 
The value is the same before and after calling `init_weights` of FixedFlatSyncGRPODetector  

refiner.state_mlp.0.weight - torch.Size([256, 264]): 
The value is the same before and after calling `init_weights` of FixedFlatSyncGRPODetector  

refiner.state_mlp.0.bias - torch.Size([256]): 
The value is the same before and after calling `init_weights` of FixedFlatSyncGRPODetector  

refiner.state_mlp.2.weight - torch.Size([256, 256]): 
The value is the same before and after calling `init_weights` of FixedFlatSyncGRPODetector  

refiner.state_mlp.2.bias - torch.Size([256]): 
The value is the same before and after calling `init_weights` of FixedFlatSyncGRPODetector  

refiner.policy_head.weight - torch.Size([2000, 256]): 
The value is the same before and after calling `init_weights` of FixedFlatSyncGRPODetector  

refiner.policy_head.bias - torch.Size([2000]): 
The value is the same before and after calling `init_weights` of FixedFlatSyncGRPODetector  
2026/05/26 18:01:47 - mmengine - WARNING - "FileClient" will be deprecated in future. Please use io functions in https://mmengine.readthedocs.io/en/latest/api/fileio.html#file-io
2026/05/26 18:01:47 - mmengine - WARNING - "HardDiskBackend" is the alias of "LocalBackend" and the former will be deprecated in future.
2026/05/26 18:01:47 - mmengine - INFO - Checkpoints will be saved to /root/data-tmp/BAFE-Net/work_dirs/adascope.
2026/05/26 18:01:47 - mmengine - INFO - [SynWarmupSupGRPOStageHook] mode=train epoch=0 stage=warmup
2026/05/26 18:01:54 - mmengine - INFO - Epoch(train)  [1][ 50/384]  lr: 1.9940e-04  eta: 0:22:17  time: 0.1249  data_time: 0.0160  memory: 1339  grad_norm: 90.3055  loss: 4.2668  cluster_loss_cls: 0.9740  global_loss_cls: 0.9297  global_loss_bbox: 1.7050  global_loss_centerness: 0.6581
2026/05/26 18:01:59 - mmengine - INFO - Epoch(train)  [1][100/384]  lr: 2.3280e-04  eta: 0:20:06  time: 0.1016  data_time: 0.0151  memory: 1339  grad_norm: 66.4583  loss: 3.2465  cluster_loss_cls: 0.7511  global_loss_cls: 0.7774  global_loss_bbox: 1.1395  global_loss_centerness: 0.5786
2026/05/26 18:02:03 - mmengine - INFO - Epoch(train)  [1][150/384]  lr: 2.6620e-04  eta: 0:18:42  time: 0.0911  data_time: 0.0054  memory: 1339  grad_norm: 65.7903  loss: 3.1990  cluster_loss_cls: 0.7345  global_loss_cls: 0.7342  global_loss_bbox: 1.1253  global_loss_centerness: 0.6050
2026/05/26 18:02:08 - mmengine - INFO - Epoch(train)  [1][200/384]  lr: 2.9960e-04  eta: 0:17:49  time: 0.0878  data_time: 0.0049  memory: 1339  grad_norm: 64.7542  loss: 2.9701  cluster_loss_cls: 0.5735  global_loss_cls: 0.7201  global_loss_bbox: 1.0583  global_loss_centerness: 0.6181
2026/05/26 18:02:12 - mmengine - INFO - Epoch(train)  [1][250/384]  lr: 3.3300e-04  eta: 0:17:28  time: 0.0935  data_time: 0.0074  memory: 1339  grad_norm: 65.6831  loss: 2.9277  cluster_loss_cls: 0.6133  global_loss_cls: 0.6611  global_loss_bbox: 1.0633  global_loss_centerness: 0.5900
2026/05/26 18:02:17 - mmengine - INFO - Epoch(train)  [1][300/384]  lr: 3.6640e-04  eta: 0:17:02  time: 0.0880  data_time: 0.0049  memory: 1339  grad_norm: 88.6357  loss: 2.9894  cluster_loss_cls: 0.5850  global_loss_cls: 0.6633  global_loss_bbox: 1.1421  global_loss_centerness: 0.5990
2026/05/26 18:02:21 - mmengine - INFO - Epoch(train)  [1][350/384]  lr: 3.9980e-04  eta: 0:16:43  time: 0.0884  data_time: 0.0050  memory: 1339  grad_norm: 82.2650  loss: 2.8210  cluster_loss_cls: 0.5820  global_loss_cls: 0.6198  global_loss_bbox: 1.0448  global_loss_centerness: 0.5743
2026/05/26 18:02:24 - mmengine - INFO - Exp name: adascope_20260526_180129
2026/05/26 18:02:24 - mmengine - INFO - Saving checkpoint at 1 epochs
2026/05/26 18:02:29 - mmengine - INFO - [SynWarmupSupGRPOStageHook] mode=val epoch=1 stage=warmup
2026/05/26 18:02:30 - mmengine - INFO - [AutoSyncExternalLocal] external local FCOS synchronized from current global branch.
2026/05/26 18:02:33 - mmengine - INFO - Epoch(val)  [1][ 50/256]    eta: 0:00:17  time: 0.0870  data_time: 0.0074  memory: 1339  
2026/05/26 18:02:37 - mmengine - INFO - Epoch(val)  [1][100/256]    eta: 0:00:12  time: 0.0773  data_time: 0.0164  memory: 830  
2026/05/26 18:02:40 - mmengine - INFO - Epoch(val)  [1][150/256]    eta: 0:00:07  time: 0.0604  data_time: 0.0024  memory: 830  
2026/05/26 18:02:43 - mmengine - INFO - Epoch(val)  [1][200/256]    eta: 0:00:04  time: 0.0670  data_time: 0.0029  memory: 830  
2026/05/26 18:02:46 - mmengine - INFO - Epoch(val)  [1][250/256]    eta: 0:00:00  time: 0.0562  data_time: 0.0024  memory: 830  
2026/05/26 18:02:47 - mmengine - INFO - 
---------------iou_thr: 0.5---------------
2026/05/26 18:02:47 - mmengine - INFO - 
+--------+------+------+--------+-------+
| class  | gts  | dets | recall | ap    |
+--------+------+------+--------+-------+
| Target | 3454 | 9028 | 0.055  | 0.030 |
+--------+------+------+--------+-------+
| mAP    |      |      |        | 0.030 |
+--------+------+------+--------+-------+
2026/05/26 18:02:47 - mmengine - INFO - 
---------------iou_thr: 0.5---------------
2026/05/26 18:02:47 - mmengine - INFO - 
+--------+-----+------+--------+-------+
| class  | gts | dets | recall | ap    |
+--------+-----+------+--------+-------+
| Target | 625 | 8025 | 0.008  | 0.000 |
+--------+-----+------+--------+-------+
| mAP    |     |      |        | 0.000 |
+--------+-----+------+--------+-------+
2026/05/26 18:02:47 - mmengine - INFO - 
---------------iou_thr: 0.5---------------
2026/05/26 18:02:47 - mmengine - INFO - 
+--------+-----+------+--------+-------+
| class  | gts | dets | recall | ap    |
+--------+-----+------+--------+-------+
| Target | 625 | 8025 | 0.008  | 0.000 |
+--------+-----+------+--------+-------+
| mAP    |     |      |        | 0.000 |
+--------+-----+------+--------+-------+
2026/05/26 18:02:47 - mmengine - INFO - 
---------------iou_thr: 0.5---------------
2026/05/26 18:02:48 - mmengine - INFO - 
+--------+------+------+--------+-------+
| class  | gts  | dets | recall | ap    |
+--------+------+------+--------+-------+
| Target | 3454 | 617  | 0.000  | 0.000 |
+--------+------+------+--------+-------+
| mAP    |      |      |        | 0.000 |
+--------+------+------+--------+-------+
2026/05/26 18:02:48 - mmengine - INFO - 
---------------iou_thr: 0.5---------------
2026/05/26 18:02:48 - mmengine - INFO - 
+--------+------+------+--------+-------+
| class  | gts  | dets | recall | ap    |
+--------+------+------+--------+-------+
| Target | 3454 | 9120 | 0.054  | 0.030 |
+--------+------+------+--------+-------+
| mAP    |      |      |        | 0.030 |
+--------+------+------+--------+-------+
2026/05/26 18:02:48 - mmengine - INFO - [SynWarmupSupGRPOStageHook] cached warmup detector epoch=1 score=0.0303
2026/05/26 18:02:48 - mmengine - INFO - Epoch(val) [1][256/256]    global_voc/mAP: 0.0303  global_voc/AP50: 0.0300  raw_cluster_voc/mAP: 0.0002  raw_cluster_voc/AP50: 0.0000  refined_cluster_voc/mAP: 0.0002  refined_cluster_voc/AP50: 0.0000  local_voc/mAP: 0.0000  local_voc/AP50: 0.0000  merged_voc/mAP: 0.0303  merged_voc/AP50: 0.0300  data_time: 0.0062  time: 0.0697
2026/05/26 18:02:52 - mmengine - INFO - The best checkpoint with 0.0303 merged_voc/mAP at 1 epoch is saved to best_merged_voc_mAP_epoch_1.pth.
2026/05/26 18:02:57 - mmengine - INFO - [SynWarmupSupGRPOStageHook] mode=train epoch=1 stage=warmup
2026/05/26 18:03:02 - mmengine - INFO - Epoch(train)  [2][ 50/384]  lr: 4.5591e-04  eta: 0:16:20  time: 0.0895  data_time: 0.0055  memory: 1462  grad_norm: 67.8783  loss: 2.7183  cluster_loss_cls: 0.5574  global_loss_cls: 0.5479  global_loss_bbox: 1.0222  global_loss_centerness: 0.5907
2026/05/26 18:03:06 - mmengine - INFO - Epoch(train)  [2][100/384]  lr: 4.8931e-04  eta: 0:16:10  time: 0.0899  data_time: 0.0063  memory: 1462  grad_norm: 74.3340  loss: 2.6603  cluster_loss_cls: 0.5252  global_loss_cls: 0.6468  global_loss_bbox: 0.9241  global_loss_centerness: 0.5642
2026/05/26 18:03:11 - mmengine - INFO - Epoch(train)  [2][150/384]  lr: 5.0000e-04  eta: 0:16:02  time: 0.0906  data_time: 0.0052  memory: 1462  grad_norm: 64.1743  loss: 2.6804  cluster_loss_cls: 0.5218  global_loss_cls: 0.5414  global_loss_bbox: 1.0269  global_loss_centerness: 0.5902
2026/05/26 18:03:15 - mmengine - INFO - Epoch(train)  [2][200/384]  lr: 5.0000e-04  eta: 0:15:53  time: 0.0897  data_time: 0.0050  memory: 1462  grad_norm: 63.8688  loss: 2.5588  cluster_loss_cls: 0.4587  global_loss_cls: 0.5590  global_loss_bbox: 0.9399  global_loss_centerness: 0.6012
2026/05/26 18:03:20 - mmengine - INFO - Epoch(train)  [2][250/384]  lr: 5.0000e-04  eta: 0:15:53  time: 0.0991  data_time: 0.0146  memory: 1462  grad_norm: 67.6598  loss: 2.5738  cluster_loss_cls: 0.5466  global_loss_cls: 0.4851  global_loss_bbox: 0.9657  global_loss_centerness: 0.5764
2026/05/26 18:03:25 - mmengine - INFO - Epoch(train)  [2][300/384]  lr: 5.0000e-04  eta: 0:15:46  time: 0.0920  data_time: 0.0053  memory: 1462  grad_norm: 67.2046  loss: 2.7774  cluster_loss_cls: 0.5034  global_loss_cls: 0.5530  global_loss_bbox: 1.1611  global_loss_centerness: 0.5599
2026/05/26 18:03:31 - mmengine - INFO - Epoch(train)  [2][350/384]  lr: 5.0000e-04  eta: 0:15:58  time: 0.1180  data_time: 0.0307  memory: 1462  grad_norm: 59.3326  loss: 2.5985  cluster_loss_cls: 0.4935  global_loss_cls: 0.5118  global_loss_bbox: 0.9890  global_loss_centerness: 0.6041
2026/05/26 18:03:34 - mmengine - INFO - Exp name: adascope_20260526_180129
2026/05/26 18:03:34 - mmengine - INFO - Saving checkpoint at 2 epochs
2026/05/26 18:03:39 - mmengine - INFO - [SynWarmupSupGRPOStageHook] mode=val epoch=2 stage=warmup
2026/05/26 18:03:43 - mmengine - INFO - Epoch(val)  [2][ 50/256]    eta: 0:00:15  time: 0.0733  data_time: 0.0037  memory: 1462  
2026/05/26 18:03:46 - mmengine - INFO - Epoch(val)  [2][100/256]    eta: 0:00:11  time: 0.0747  data_time: 0.0026  memory: 830  
2026/05/26 18:03:50 - mmengine - INFO - Epoch(val)  [2][150/256]    eta: 0:00:07  time: 0.0770  data_time: 0.0026  memory: 830  
2026/05/26 18:03:54 - mmengine - INFO - Epoch(val)  [2][200/256]    eta: 0:00:04  time: 0.0762  data_time: 0.0029  memory: 830  
2026/05/26 18:03:58 - mmengine - INFO - Epoch(val)  [2][250/256]    eta: 0:00:00  time: 0.0747  data_time: 0.0027  memory: 830  
2026/05/26 18:03:58 - mmengine - INFO - 
---------------iou_thr: 0.5---------------
2026/05/26 18:03:58 - mmengine - INFO - 
+--------+------+-------+--------+-------+
| class  | gts  | dets  | recall | ap    |
+--------+------+-------+--------+-------+
| Target | 3454 | 18614 | 0.124  | 0.042 |
+--------+------+-------+--------+-------+
| mAP    |      |       |        | 0.042 |
+--------+------+-------+--------+-------+
2026/05/26 18:03:58 - mmengine - INFO - 
---------------iou_thr: 0.5---------------
2026/05/26 18:03:59 - mmengine - INFO - 
+--------+-----+------+--------+-------+
| class  | gts | dets | recall | ap    |
+--------+-----+------+--------+-------+
| Target | 625 | 6453 | 0.011  | 0.000 |
+--------+-----+------+--------+-------+
| mAP    |     |      |        | 0.000 |
+--------+-----+------+--------+-------+
2026/05/26 18:03:59 - mmengine - INFO - 
---------------iou_thr: 0.5---------------
2026/05/26 18:03:59 - mmengine - INFO - 
+--------+-----+------+--------+-------+
| class  | gts | dets | recall | ap    |
+--------+-----+------+--------+-------+
| Target | 625 | 6453 | 0.011  | 0.000 |
+--------+-----+------+--------+-------+
| mAP    |     |      |        | 0.000 |
+--------+-----+------+--------+-------+
2026/05/26 18:03:59 - mmengine - INFO - 
---------------iou_thr: 0.5---------------
2026/05/26 18:03:59 - mmengine - INFO - 
+--------+------+------+--------+-------+
| class  | gts  | dets | recall | ap    |
+--------+------+------+--------+-------+
| Target | 3454 | 2323 | 0.001  | 0.030 |
+--------+------+------+--------+-------+
| mAP    |      |      |        | 0.030 |
+--------+------+------+--------+-------+
2026/05/26 18:03:59 - mmengine - INFO - 
---------------iou_thr: 0.5---------------
2026/05/26 18:03:59 - mmengine - INFO - 
+--------+------+-------+--------+-------+
| class  | gts  | dets  | recall | ap    |
+--------+------+-------+--------+-------+
| Target | 3454 | 19264 | 0.122  | 0.040 |
+--------+------+-------+--------+-------+
| mAP    |      |       |        | 0.040 |
+--------+------+-------+--------+-------+
2026/05/26 18:04:00 - mmengine - INFO - [SynWarmupSupGRPOStageHook] cached warmup detector epoch=2 score=0.0396
2026/05/26 18:04:00 - mmengine - INFO - Epoch(val) [2][256/256]    global_voc/mAP: 0.0416  global_voc/AP50: 0.0420  raw_cluster_voc/mAP: 0.0003  raw_cluster_voc/AP50: 0.0000  refined_cluster_voc/mAP: 0.0003  refined_cluster_voc/AP50: 0.0000  local_voc/mAP: 0.0303  local_voc/AP50: 0.0300  merged_voc/mAP: 0.0396  merged_voc/AP50: 0.0400  data_time: 0.0029  time: 0.0753
2026/05/26 18:04:00 - mmengine - INFO - The previous best checkpoint /root/data-tmp/BAFE-Net/work_dirs/adascope/best_merged_voc_mAP_epoch_1.pth is removed
2026/05/26 18:04:04 - mmengine - INFO - The best checkpoint with 0.0396 merged_voc/mAP at 2 epoch is saved to best_merged_voc_mAP_epoch_2.pth.
2026/05/26 18:04:09 - mmengine - INFO - [SynWarmupSupGRPOStageHook] mode=train epoch=2 stage=warmup
2026/05/26 18:04:14 - mmengine - INFO - Epoch(train)  [3][ 50/384]  lr: 5.0000e-04  eta: 0:15:49  time: 0.0927  data_time: 0.0059  memory: 1462  grad_norm: 48.6611  loss: 2.1723  cluster_loss_cls: 0.4763  global_loss_cls: 0.3779  global_loss_bbox: 0.8038  global_loss_centerness: 0.5143
2026/05/26 18:04:19 - mmengine - INFO - Epoch(train)  [3][100/384]  lr: 5.0000e-04  eta: 0:15:42  time: 0.0918  data_time: 0.0054  memory: 1462  grad_norm: 51.8463  loss: 2.4828  cluster_loss_cls: 0.4833  global_loss_cls: 0.4118  global_loss_bbox: 0.9768  global_loss_centerness: 0.6110
2026/05/26 18:04:23 - mmengine - INFO - Epoch(train)  [3][150/384]  lr: 5.0000e-04  eta: 0:15:35  time: 0.0909  data_time: 0.0051  memory: 1462  grad_norm: 56.2607  loss: 2.4772  cluster_loss_cls: 0.4759  global_loss_cls: 0.4388  global_loss_bbox: 0.9115  global_loss_centerness: 0.6510
2026/05/26 18:04:28 - mmengine - INFO - Epoch(train)  [3][200/384]  lr: 5.0000e-04  eta: 0:15:30  time: 0.0954  data_time: 0.0081  memory: 1462  grad_norm: 71.1165  loss: 2.4275  cluster_loss_cls: 0.4553  global_loss_cls: 0.5430  global_loss_bbox: 0.8616  global_loss_centerness: 0.5675
2026/05/26 18:04:31 - mmengine - INFO - Exp name: adascope_20260526_180129
2026/05/26 18:04:33 - mmengine - INFO - Epoch(train)  [3][250/384]  lr: 5.0000e-04  eta: 0:15:25  time: 0.0951  data_time: 0.0080  memory: 1462  grad_norm: 52.6444  loss: 2.3856  cluster_loss_cls: 0.4548  global_loss_cls: 0.4186  global_loss_bbox: 0.9008  global_loss_centerness: 0.6114
2026/05/26 18:04:38 - mmengine - INFO - Epoch(train)  [3][300/384]  lr: 5.0000e-04  eta: 0:15:26  time: 0.1061  data_time: 0.0177  memory: 1462  grad_norm: 41.9701  loss: 2.1509  cluster_loss_cls: 0.4327  global_loss_cls: 0.3541  global_loss_bbox: 0.7772  global_loss_centerness: 0.5869
2026/05/26 18:04:43 - mmengine - INFO - Epoch(train)  [3][350/384]  lr: 5.0000e-04  eta: 0:15:19  time: 0.0912  data_time: 0.0049  memory: 1462  grad_norm: 51.3047  loss: 2.3685  cluster_loss_cls: 0.4424  global_loss_cls: 0.4433  global_loss_bbox: 0.8977  global_loss_centerness: 0.5851
2026/05/26 18:04:46 - mmengine - INFO - Exp name: adascope_20260526_180129
2026/05/26 18:04:46 - mmengine - INFO - Saving checkpoint at 3 epochs
2026/05/26 18:04:51 - mmengine - INFO - [SynWarmupSupGRPOStageHook] mode=val epoch=3 stage=warmup
2026/05/26 18:04:54 - mmengine - INFO - Epoch(val)  [3][ 50/256]    eta: 0:00:12  time: 0.0586  data_time: 0.0034  memory: 1462  
2026/05/26 18:04:57 - mmengine - INFO - Epoch(val)  [3][100/256]    eta: 0:00:09  time: 0.0591  data_time: 0.0024  memory: 830  
2026/05/26 18:05:00 - mmengine - INFO - Epoch(val)  [3][150/256]    eta: 0:00:06  time: 0.0623  data_time: 0.0025  memory: 830  
2026/05/26 18:05:03 - mmengine - INFO - Epoch(val)  [3][200/256]    eta: 0:00:03  time: 0.0625  data_time: 0.0026  memory: 830  
2026/05/26 18:05:06 - mmengine - INFO - Epoch(val)  [3][250/256]    eta: 0:00:00  time: 0.0607  data_time: 0.0027  memory: 830  
2026/05/26 18:05:06 - mmengine - INFO - 
---------------iou_thr: 0.5---------------
2026/05/26 18:05:06 - mmengine - INFO - 
+--------+------+-------+--------+-------+
| class  | gts  | dets  | recall | ap    |
+--------+------+-------+--------+-------+
| Target | 3454 | 13311 | 0.166  | 0.111 |
+--------+------+-------+--------+-------+
| mAP    |      |       |        | 0.111 |
+--------+------+-------+--------+-------+
2026/05/26 18:05:07 - mmengine - INFO - 
---------------iou_thr: 0.5---------------
2026/05/26 18:05:07 - mmengine - INFO - 
+--------+-----+------+--------+-------+
| class  | gts | dets | recall | ap    |
+--------+-----+------+--------+-------+
| Target | 625 | 3494 | 0.013  | 0.023 |
+--------+-----+------+--------+-------+
| mAP    |     |      |        | 0.023 |
+--------+-----+------+--------+-------+
2026/05/26 18:05:07 - mmengine - INFO - 
---------------iou_thr: 0.5---------------
2026/05/26 18:05:07 - mmengine - INFO - 
+--------+-----+------+--------+-------+
| class  | gts | dets | recall | ap    |
+--------+-----+------+--------+-------+
| Target | 625 | 3494 | 0.013  | 0.023 |
+--------+-----+------+--------+-------+
| mAP    |     |      |        | 0.023 |
+--------+-----+------+--------+-------+
2026/05/26 18:05:07 - mmengine - INFO - 
---------------iou_thr: 0.5---------------
2026/05/26 18:05:07 - mmengine - INFO - 
+--------+------+------+--------+-------+
| class  | gts  | dets | recall | ap    |
+--------+------+------+--------+-------+
| Target | 3454 | 741  | 0.002  | 0.091 |
+--------+------+------+--------+-------+
| mAP    |      |      |        | 0.091 |
+--------+------+------+--------+-------+
2026/05/26 18:05:07 - mmengine - INFO - 
---------------iou_thr: 0.5---------------
2026/05/26 18:05:07 - mmengine - INFO - 
+--------+------+-------+--------+-------+
| class  | gts  | dets  | recall | ap    |
+--------+------+-------+--------+-------+
| Target | 3454 | 13636 | 0.167  | 0.108 |
+--------+------+-------+--------+-------+
| mAP    |      |       |        | 0.108 |
+--------+------+-------+--------+-------+
2026/05/26 18:05:08 - mmengine - INFO - [SynWarmupSupGRPOStageHook] cached warmup detector epoch=3 score=0.1084
2026/05/26 18:05:08 - mmengine - INFO - Epoch(val) [3][256/256]    global_voc/mAP: 0.1107  global_voc/AP50: 0.1110  raw_cluster_voc/mAP: 0.0227  raw_cluster_voc/AP50: 0.0230  refined_cluster_voc/mAP: 0.0227  refined_cluster_voc/AP50: 0.0230  local_voc/mAP: 0.0909  local_voc/AP50: 0.0910  merged_voc/mAP: 0.1084  merged_voc/AP50: 0.1080  data_time: 0.0027  time: 0.0607
2026/05/26 18:05:08 - mmengine - INFO - The previous best checkpoint /root/data-tmp/BAFE-Net/work_dirs/adascope/best_merged_voc_mAP_epoch_2.pth is removed
2026/05/26 18:05:12 - mmengine - INFO - The best checkpoint with 0.1084 merged_voc/mAP at 3 epoch is saved to best_merged_voc_mAP_epoch_3.pth.
2026/05/26 18:05:17 - mmengine - INFO - [SynWarmupSupGRPOStageHook] mode=train epoch=3 stage=warmup
2026/05/26 18:05:22 - mmengine - INFO - Epoch(train)  [4][ 50/384]  lr: 5.0000e-04  eta: 0:15:08  time: 0.0900  data_time: 0.0059  memory: 1462  grad_norm: 48.4852  loss: 2.1742  cluster_loss_cls: 0.3991  global_loss_cls: 0.3650  global_loss_bbox: 0.8202  global_loss_centerness: 0.5899
2026/05/26 18:05:27 - mmengine - INFO - Epoch(train)  [4][100/384]  lr: 5.0000e-04  eta: 0:15:03  time: 0.0935  data_time: 0.0052  memory: 1462  grad_norm: 42.4166  loss: 1.9052  cluster_loss_cls: 0.3936  global_loss_cls: 0.3196  global_loss_bbox: 0.6704  global_loss_centerness: 0.5216
2026/05/26 18:05:31 - mmengine - INFO - Epoch(train)  [4][150/384]  lr: 5.0000e-04  eta: 0:14:57  time: 0.0926  data_time: 0.0051  memory: 1462  grad_norm: 42.9848  loss: 2.0263  cluster_loss_cls: 0.3701  global_loss_cls: 0.3528  global_loss_bbox: 0.7505  global_loss_centerness: 0.5529
2026/05/26 18:05:36 - mmengine - INFO - Epoch(train)  [4][200/384]  lr: 5.0000e-04  eta: 0:14:51  time: 0.0909  data_time: 0.0047  memory: 1462  grad_norm: 45.8676  loss: 2.1501  cluster_loss_cls: 0.3740  global_loss_cls: 0.3653  global_loss_bbox: 0.7989  global_loss_centerness: 0.6118
2026/05/26 18:05:40 - mmengine - INFO - Epoch(train)  [4][250/384]  lr: 5.0000e-04  eta: 0:14:46  time: 0.0930  data_time: 0.0055  memory: 1462  grad_norm: 43.2003  loss: 2.0012  cluster_loss_cls: 0.3372  global_loss_cls: 0.3317  global_loss_bbox: 0.7584  global_loss_centerness: 0.5738
2026/05/26 18:05:45 - mmengine - INFO - Epoch(train)  [4][300/384]  lr: 5.0000e-04  eta: 0:14:40  time: 0.0917  data_time: 0.0065  memory: 1462  grad_norm: 41.2650  loss: 1.9118  cluster_loss_cls: 0.3261  global_loss_cls: 0.2788  global_loss_bbox: 0.7584  global_loss_centerness: 0.5484
2026/05/26 18:05:50 - mmengine - INFO - Epoch(train)  [4][350/384]  lr: 5.0000e-04  eta: 0:14:34  time: 0.0919  data_time: 0.0048  memory: 1462  grad_norm: 36.8816  loss: 1.9542  cluster_loss_cls: 0.2828  global_loss_cls: 0.3045  global_loss_bbox: 0.7599  global_loss_centerness: 0.6070
2026/05/26 18:05:53 - mmengine - INFO - Exp name: adascope_20260526_180129
2026/05/26 18:05:53 - mmengine - INFO - Saving checkpoint at 4 epochs
2026/05/26 18:05:58 - mmengine - INFO - [SynWarmupSupGRPOStageHook] mode=val epoch=4 stage=warmup
2026/05/26 18:06:03 - mmengine - INFO - Epoch(val)  [4][ 50/256]    eta: 0:00:18  time: 0.0882  data_time: 0.0035  memory: 1462  
2026/05/26 18:06:07 - mmengine - INFO - Epoch(val)  [4][100/256]    eta: 0:00:13  time: 0.0904  data_time: 0.0025  memory: 830  
2026/05/26 18:06:12 - mmengine - INFO - Epoch(val)  [4][150/256]    eta: 0:00:09  time: 0.0930  data_time: 0.0025  memory: 830  
2026/05/26 18:06:16 - mmengine - INFO - Epoch(val)  [4][200/256]    eta: 0:00:05  time: 0.0867  data_time: 0.0026  memory: 830  
2026/05/26 18:06:21 - mmengine - INFO - Epoch(val)  [4][250/256]    eta: 0:00:00  time: 0.0908  data_time: 0.0024  memory: 830  
2026/05/26 18:06:21 - mmengine - INFO - 
---------------iou_thr: 0.5---------------
2026/05/26 18:06:21 - mmengine - INFO - 
+--------+------+-------+--------+-------+
| class  | gts  | dets  | recall | ap    |
+--------+------+-------+--------+-------+
| Target | 3454 | 19666 | 0.177  | 0.067 |
+--------+------+-------+--------+-------+
| mAP    |      |       |        | 0.067 |
+--------+------+-------+--------+-------+
2026/05/26 18:06:22 - mmengine - INFO - 
---------------iou_thr: 0.5---------------
2026/05/26 18:06:22 - mmengine - INFO - 
+--------+-----+------+--------+-------+
| class  | gts | dets | recall | ap    |
+--------+-----+------+--------+-------+
| Target | 625 | 3547 | 0.029  | 0.018 |
+--------+-----+------+--------+-------+
| mAP    |     |      |        | 0.018 |
+--------+-----+------+--------+-------+
2026/05/26 18:06:22 - mmengine - INFO - 
---------------iou_thr: 0.5---------------
2026/05/26 18:06:22 - mmengine - INFO - 
+--------+-----+------+--------+-------+
| class  | gts | dets | recall | ap    |
+--------+-----+------+--------+-------+
| Target | 625 | 3547 | 0.029  | 0.018 |
+--------+-----+------+--------+-------+
| mAP    |     |      |        | 0.018 |
+--------+-----+------+--------+-------+
2026/05/26 18:06:22 - mmengine - INFO - 
---------------iou_thr: 0.5---------------
2026/05/26 18:06:22 - mmengine - INFO - 
+--------+------+-------+--------+-------+
| class  | gts  | dets  | recall | ap    |
+--------+------+-------+--------+-------+
| Target | 3454 | 11085 | 0.034  | 0.045 |
+--------+------+-------+--------+-------+
| mAP    |      |       |        | 0.045 |
+--------+------+-------+--------+-------+
2026/05/26 18:06:22 - mmengine - INFO - 
---------------iou_thr: 0.5---------------
2026/05/26 18:06:23 - mmengine - INFO - 
+--------+------+-------+--------+-------+
| class  | gts  | dets  | recall | ap    |
+--------+------+-------+--------+-------+
| Target | 3454 | 22518 | 0.198  | 0.061 |
+--------+------+-------+--------+-------+
| mAP    |      |       |        | 0.061 |
+--------+------+-------+--------+-------+
2026/05/26 18:06:23 - mmengine - INFO - Epoch(val) [4][256/256]    global_voc/mAP: 0.0671  global_voc/AP50: 0.0670  raw_cluster_voc/mAP: 0.0182  raw_cluster_voc/AP50: 0.0180  refined_cluster_voc/mAP: 0.0182  refined_cluster_voc/AP50: 0.0180  local_voc/mAP: 0.0455  local_voc/AP50: 0.0450  merged_voc/mAP: 0.0613  merged_voc/AP50: 0.0610  data_time: 0.0027  time: 0.0897
2026/05/26 18:06:23 - mmengine - INFO - [SynWarmupSupGRPOStageHook] mode=train epoch=4 stage=warmup
2026/05/26 18:06:27 - mmengine - INFO - Epoch(train)  [5][ 50/384]  lr: 5.0000e-04  eta: 0:14:27  time: 0.0917  data_time: 0.0060  memory: 1462  grad_norm: 43.7778  loss: 1.9411  cluster_loss_cls: 0.2675  global_loss_cls: 0.3411  global_loss_bbox: 0.7338  global_loss_centerness: 0.5988
2026/05/26 18:06:32 - mmengine - INFO - Epoch(train)  [5][100/384]  lr: 5.0000e-04  eta: 0:14:21  time: 0.0903  data_time: 0.0049  memory: 1462  grad_norm: 42.2516  loss: 1.9089  cluster_loss_cls: 0.2588  global_loss_cls: 0.2908  global_loss_bbox: 0.7593  global_loss_centerness: 0.6001
2026/05/26 18:06:36 - mmengine - INFO - Epoch(train)  [5][150/384]  lr: 5.0000e-04  eta: 0:14:16  time: 0.0927  data_time: 0.0087  memory: 1462  grad_norm: 39.9583  loss: 1.8923  cluster_loss_cls: 0.2742  global_loss_cls: 0.3337  global_loss_bbox: 0.7029  global_loss_centerness: 0.5815
2026/05/26 18:06:41 - mmengine - INFO - Epoch(train)  [5][200/384]  lr: 5.0000e-04  eta: 0:14:11  time: 0.0940  data_time: 0.0073  memory: 1462  grad_norm: 43.0617  loss: 1.7795  cluster_loss_cls: 0.2376  global_loss_cls: 0.3071  global_loss_bbox: 0.6729  global_loss_centerness: 0.5618
2026/05/26 18:06:46 - mmengine - INFO - Epoch(train)  [5][250/384]  lr: 5.0000e-04  eta: 0:14:05  time: 0.0901  data_time: 0.0049  memory: 1462  grad_norm: 32.4747  loss: 1.6394  cluster_loss_cls: 0.2292  global_loss_cls: 0.2440  global_loss_bbox: 0.6453  global_loss_centerness: 0.5209
2026/05/26 18:06:50 - mmengine - INFO - Epoch(train)  [5][300/384]  lr: 5.0000e-04  eta: 0:13:59  time: 0.0881  data_time: 0.0046  memory: 1462  grad_norm: 37.0158  loss: 1.6828  cluster_loss_cls: 0.2108  global_loss_cls: 0.2592  global_loss_bbox: 0.6522  global_loss_centerness: 0.5605
2026/05/26 18:06:55 - mmengine - INFO - Epoch(train)  [5][350/384]  lr: 5.0000e-04  eta: 0:13:53  time: 0.0918  data_time: 0.0050  memory: 1462  grad_norm: 42.8339  loss: 1.9480  cluster_loss_cls: 0.2176  global_loss_cls: 0.2779  global_loss_bbox: 0.8313  global_loss_centerness: 0.6212
2026/05/26 18:06:58 - mmengine - INFO - Exp name: adascope_20260526_180129
2026/05/26 18:06:58 - mmengine - INFO - Saving checkpoint at 5 epochs
2026/05/26 18:07:03 - mmengine - INFO - [SynWarmupSupGRPOStageHook] mode=val epoch=5 stage=warmup
2026/05/26 18:07:07 - mmengine - INFO - Epoch(val)  [5][ 50/256]    eta: 0:00:16  time: 0.0804  data_time: 0.0033  memory: 1462  
2026/05/26 18:07:11 - mmengine - INFO - Epoch(val)  [5][100/256]    eta: 0:00:12  time: 0.0802  data_time: 0.0024  memory: 830  
2026/05/26 18:07:15 - mmengine - INFO - Epoch(val)  [5][150/256]    eta: 0:00:08  time: 0.0926  data_time: 0.0025  memory: 830  
2026/05/26 18:07:20 - mmengine - INFO - Epoch(val)  [5][200/256]    eta: 0:00:04  time: 0.0886  data_time: 0.0026  memory: 830  
2026/05/26 18:07:24 - mmengine - INFO - Epoch(val)  [5][250/256]    eta: 0:00:00  time: 0.0875  data_time: 0.0026  memory: 830  
2026/05/26 18:07:25 - mmengine - INFO - 
---------------iou_thr: 0.5---------------
2026/05/26 18:07:25 - mmengine - INFO - 
+--------+------+-------+--------+-------+
| class  | gts  | dets  | recall | ap    |
+--------+------+-------+--------+-------+
| Target | 3454 | 15890 | 0.276  | 0.189 |
+--------+------+-------+--------+-------+
| mAP    |      |       |        | 0.189 |
+--------+------+-------+--------+-------+
2026/05/26 18:07:25 - mmengine - INFO - 
---------------iou_thr: 0.5---------------
2026/05/26 18:07:25 - mmengine - INFO - 
+--------+-----+------+--------+-------+
| class  | gts | dets | recall | ap    |
+--------+-----+------+--------+-------+
| Target | 625 | 2601 | 0.029  | 0.023 |
+--------+-----+------+--------+-------+
| mAP    |     |      |        | 0.023 |
+--------+-----+------+--------+-------+
2026/05/26 18:07:25 - mmengine - INFO - 
---------------iou_thr: 0.5---------------
2026/05/26 18:07:25 - mmengine - INFO - 
+--------+-----+------+--------+-------+
| class  | gts | dets | recall | ap    |
+--------+-----+------+--------+-------+
| Target | 625 | 2601 | 0.029  | 0.023 |
+--------+-----+------+--------+-------+
| mAP    |     |      |        | 0.023 |
+--------+-----+------+--------+-------+
2026/05/26 18:07:26 - mmengine - INFO - 
---------------iou_thr: 0.5---------------
2026/05/26 18:07:26 - mmengine - INFO - 
+--------+------+-------+--------+-------+
| class  | gts  | dets  | recall | ap    |
+--------+------+-------+--------+-------+
| Target | 3454 | 10603 | 0.060  | 0.045 |
+--------+------+-------+--------+-------+
| mAP    |      |       |        | 0.045 |
+--------+------+-------+--------+-------+
2026/05/26 18:07:26 - mmengine - INFO - 
---------------iou_thr: 0.5---------------
2026/05/26 18:07:26 - mmengine - INFO - 
+--------+------+-------+--------+-------+
| class  | gts  | dets  | recall | ap    |
+--------+------+-------+--------+-------+
| Target | 3454 | 20255 | 0.320  | 0.176 |
+--------+------+-------+--------+-------+
| mAP    |      |       |        | 0.176 |
+--------+------+-------+--------+-------+
2026/05/26 18:07:26 - mmengine - INFO - [SynWarmupSupGRPOStageHook] cached warmup detector epoch=5 score=0.1755
2026/05/26 18:07:26 - mmengine - INFO - Epoch(val) [5][256/256]    global_voc/mAP: 0.1889  global_voc/AP50: 0.1890  raw_cluster_voc/mAP: 0.0227  raw_cluster_voc/AP50: 0.0230  refined_cluster_voc/mAP: 0.0227  refined_cluster_voc/AP50: 0.0230  local_voc/mAP: 0.0455  local_voc/AP50: 0.0450  merged_voc/mAP: 0.1755  merged_voc/AP50: 0.1760  data_time: 0.0027  time: 0.0858
2026/05/26 18:07:27 - mmengine - INFO - The previous best checkpoint /root/data-tmp/BAFE-Net/work_dirs/adascope/best_merged_voc_mAP_epoch_3.pth is removed
2026/05/26 18:07:31 - mmengine - INFO - The best checkpoint with 0.1755 merged_voc/mAP at 5 epoch is saved to best_merged_voc_mAP_epoch_5.pth.
2026/05/26 18:07:36 - mmengine - INFO - [SynWarmupSupGRPOStageHook] mode=train epoch=5 stage=warmup
2026/05/26 18:07:40 - mmengine - INFO - Epoch(train)  [6][ 50/384]  lr: 5.0000e-04  eta: 0:13:44  time: 0.0902  data_time: 0.0057  memory: 1462  grad_norm: 41.6204  loss: 1.7850  cluster_loss_cls: 0.2037  global_loss_cls: 0.3178  global_loss_bbox: 0.6974  global_loss_centerness: 0.5660
2026/05/26 18:07:43 - mmengine - INFO - Exp name: adascope_20260526_180129
2026/05/26 18:07:45 - mmengine - INFO - Epoch(train)  [6][100/384]  lr: 5.0000e-04  eta: 0:13:38  time: 0.0891  data_time: 0.0048  memory: 1462  grad_norm: 45.9581  loss: 1.9027  cluster_loss_cls: 0.2054  global_loss_cls: 0.3769  global_loss_bbox: 0.7152  global_loss_centerness: 0.6053
2026/05/26 18:07:49 - mmengine - INFO - Epoch(train)  [6][150/384]  lr: 5.0000e-04  eta: 0:13:33  time: 0.0891  data_time: 0.0047  memory: 1462  grad_norm: 34.9707  loss: 1.7301  cluster_loss_cls: 0.1893  global_loss_cls: 0.2806  global_loss_bbox: 0.6662  global_loss_centerness: 0.5940
2026/05/26 18:07:54 - mmengine - INFO - Epoch(train)  [6][200/384]  lr: 5.0000e-04  eta: 0:13:27  time: 0.0902  data_time: 0.0050  memory: 1462  grad_norm: 33.7282  loss: 1.7144  cluster_loss_cls: 0.1616  global_loss_cls: 0.2527  global_loss_bbox: 0.7012  global_loss_centerness: 0.5989
2026/05/26 18:07:58 - mmengine - INFO - Epoch(train)  [6][250/384]  lr: 5.0000e-04  eta: 0:13:22  time: 0.0908  data_time: 0.0048  memory: 1462  grad_norm: 35.3043  loss: 1.6463  cluster_loss_cls: 0.1758  global_loss_cls: 0.2452  global_loss_bbox: 0.6823  global_loss_centerness: 0.5429
2026/05/26 18:08:03 - mmengine - INFO - Epoch(train)  [6][300/384]  lr: 5.0000e-04  eta: 0:13:17  time: 0.0901  data_time: 0.0049  memory: 1462  grad_norm: 30.1714  loss: 1.6231  cluster_loss_cls: 0.1660  global_loss_cls: 0.2274  global_loss_bbox: 0.6524  global_loss_centerness: 0.5772
2026/05/26 18:08:07 - mmengine - INFO - Epoch(train)  [6][350/384]  lr: 5.0000e-04  eta: 0:13:12  time: 0.0922  data_time: 0.0048  memory: 1462  grad_norm: 36.6236  loss: 1.8149  cluster_loss_cls: 0.1744  global_loss_cls: 0.2759  global_loss_bbox: 0.7540  global_loss_centerness: 0.6106
2026/05/26 18:08:10 - mmengine - INFO - Exp name: adascope_20260526_180129
2026/05/26 18:08:10 - mmengine - INFO - Saving checkpoint at 6 epochs
2026/05/26 18:08:15 - mmengine - INFO - [SynWarmupSupGRPOStageHook] mode=val epoch=6 stage=warmup
2026/05/26 18:08:19 - mmengine - INFO - Epoch(val)  [6][ 50/256]    eta: 0:00:17  time: 0.0840  data_time: 0.0033  memory: 1462  
2026/05/26 18:08:23 - mmengine - INFO - Epoch(val)  [6][100/256]    eta: 0:00:12  time: 0.0814  data_time: 0.0025  memory: 830  
2026/05/26 18:08:27 - mmengine - INFO - Epoch(val)  [6][150/256]    eta: 0:00:08  time: 0.0857  data_time: 0.0026  memory: 830  
2026/05/26 18:08:32 - mmengine - INFO - Epoch(val)  [6][200/256]    eta: 0:00:04  time: 0.0815  data_time: 0.0024  memory: 830  
2026/05/26 18:08:36 - mmengine - INFO - Epoch(val)  [6][250/256]    eta: 0:00:00  time: 0.0827  data_time: 0.0025  memory: 830  
2026/05/26 18:08:36 - mmengine - INFO - 
---------------iou_thr: 0.5---------------
2026/05/26 18:08:36 - mmengine - INFO - 
+--------+------+-------+--------+-------+
| class  | gts  | dets  | recall | ap    |
+--------+------+-------+--------+-------+
| Target | 3454 | 12999 | 0.284  | 0.198 |
+--------+------+-------+--------+-------+
| mAP    |      |       |        | 0.198 |
+--------+------+-------+--------+-------+
2026/05/26 18:08:36 - mmengine - INFO - 
---------------iou_thr: 0.5---------------
2026/05/26 18:08:37 - mmengine - INFO - 
+--------+-----+------+--------+-------+
| class  | gts | dets | recall | ap    |
+--------+-----+------+--------+-------+
| Target | 625 | 3048 | 0.029  | 0.023 |
+--------+-----+------+--------+-------+
| mAP    |     |      |        | 0.023 |
+--------+-----+------+--------+-------+
2026/05/26 18:08:37 - mmengine - INFO - 
---------------iou_thr: 0.5---------------
2026/05/26 18:08:37 - mmengine - INFO - 
+--------+-----+------+--------+-------+
| class  | gts | dets | recall | ap    |
+--------+-----+------+--------+-------+
| Target | 625 | 3048 | 0.029  | 0.023 |
+--------+-----+------+--------+-------+
| mAP    |     |      |        | 0.023 |
+--------+-----+------+--------+-------+
2026/05/26 18:08:37 - mmengine - INFO - 
---------------iou_thr: 0.5---------------
2026/05/26 18:08:37 - mmengine - INFO - 
+--------+------+------+--------+-------+
| class  | gts  | dets | recall | ap    |
+--------+------+------+--------+-------+
| Target | 3454 | 6620 | 0.111  | 0.098 |
+--------+------+------+--------+-------+
| mAP    |      |      |        | 0.098 |
+--------+------+------+--------+-------+
2026/05/26 18:08:37 - mmengine - INFO - 
---------------iou_thr: 0.5---------------
2026/05/26 18:08:37 - mmengine - INFO - 
+--------+------+-------+--------+-------+
| class  | gts  | dets  | recall | ap    |
+--------+------+-------+--------+-------+
| Target | 3454 | 17607 | 0.388  | 0.235 |
+--------+------+-------+--------+-------+
| mAP    |      |       |        | 0.235 |
+--------+------+-------+--------+-------+
2026/05/26 18:08:38 - mmengine - INFO - [SynWarmupSupGRPOStageHook] cached warmup detector epoch=6 score=0.2352
2026/05/26 18:08:38 - mmengine - INFO - Epoch(val) [6][256/256]    global_voc/mAP: 0.1981  global_voc/AP50: 0.1980  raw_cluster_voc/mAP: 0.0227  raw_cluster_voc/AP50: 0.0230  refined_cluster_voc/mAP: 0.0227  refined_cluster_voc/AP50: 0.0230  local_voc/mAP: 0.0984  local_voc/AP50: 0.0980  merged_voc/mAP: 0.2352  merged_voc/AP50: 0.2350  data_time: 0.0027  time: 0.0829
2026/05/26 18:08:38 - mmengine - INFO - The previous best checkpoint /root/data-tmp/BAFE-Net/work_dirs/adascope/best_merged_voc_mAP_epoch_5.pth is removed
2026/05/26 18:08:42 - mmengine - INFO - The best checkpoint with 0.2352 merged_voc/mAP at 6 epoch is saved to best_merged_voc_mAP_epoch_6.pth.
2026/05/26 18:08:47 - mmengine - INFO - [SynWarmupSupGRPOStageHook] mode=train epoch=6 stage=warmup
2026/05/26 18:08:51 - mmengine - INFO - Epoch(train)  [7][ 50/384]  lr: 5.0000e-04  eta: 0:13:03  time: 0.0923  data_time: 0.0056  memory: 1462  grad_norm: 29.7495  loss: 1.5896  cluster_loss_cls: 0.1457  global_loss_cls: 0.2264  global_loss_bbox: 0.6258  global_loss_centerness: 0.5917
2026/05/26 18:08:56 - mmengine - INFO - Epoch(train)  [7][100/384]  lr: 5.0000e-04  eta: 0:12:58  time: 0.0911  data_time: 0.0048  memory: 1462  grad_norm: 33.4017  loss: 1.6281  cluster_loss_cls: 0.1659  global_loss_cls: 0.2736  global_loss_bbox: 0.6168  global_loss_centerness: 0.5718
2026/05/26 18:09:00 - mmengine - INFO - Epoch(train)  [7][150/384]  lr: 5.0000e-04  eta: 0:12:53  time: 0.0909  data_time: 0.0050  memory: 1462  grad_norm: 32.7721  loss: 1.6129  cluster_loss_cls: 0.1583  global_loss_cls: 0.2484  global_loss_bbox: 0.6358  global_loss_centerness: 0.5704
2026/05/26 18:09:05 - mmengine - INFO - Epoch(train)  [7][200/384]  lr: 5.0000e-04  eta: 0:12:47  time: 0.0878  data_time: 0.0050  memory: 1462  grad_norm: 29.8063  loss: 1.4410  cluster_loss_cls: 0.1490  global_loss_cls: 0.2160  global_loss_bbox: 0.5457  global_loss_centerness: 0.5303
2026/05/26 18:09:09 - mmengine - INFO - Epoch(train)  [7][250/384]  lr: 5.0000e-04  eta: 0:12:42  time: 0.0905  data_time: 0.0051  memory: 1462  grad_norm: 30.4796  loss: 1.5560  cluster_loss_cls: 0.1326  global_loss_cls: 0.2014  global_loss_bbox: 0.6193  global_loss_centerness: 0.6026
2026/05/26 18:09:14 - mmengine - INFO - Epoch(train)  [7][300/384]  lr: 5.0000e-04  eta: 0:12:37  time: 0.0904  data_time: 0.0049  memory: 1462  grad_norm: 33.6051  loss: 1.5838  cluster_loss_cls: 0.1625  global_loss_cls: 0.2300  global_loss_bbox: 0.6172  global_loss_centerness: 0.5741
2026/05/26 18:09:18 - mmengine - INFO - Epoch(train)  [7][350/384]  lr: 5.0000e-04  eta: 0:12:32  time: 0.0918  data_time: 0.0053  memory: 1462  grad_norm: 32.5036  loss: 1.5501  cluster_loss_cls: 0.1494  global_loss_cls: 0.2361  global_loss_bbox: 0.6193  global_loss_centerness: 0.5453
2026/05/26 18:09:22 - mmengine - INFO - Exp name: adascope_20260526_180129
2026/05/26 18:09:22 - mmengine - INFO - Saving checkpoint at 7 epochs
2026/05/26 18:09:28 - mmengine - INFO - [SynWarmupSupGRPOStageHook] mode=val epoch=7 stage=warmup
2026/05/26 18:09:32 - mmengine - INFO - Epoch(val)  [7][ 50/256]    eta: 0:00:15  time: 0.0764  data_time: 0.0033  memory: 1462  
2026/05/26 18:09:36 - mmengine - INFO - Epoch(val)  [7][100/256]    eta: 0:00:11  time: 0.0725  data_time: 0.0024  memory: 830  
2026/05/26 18:09:39 - mmengine - INFO - Epoch(val)  [7][150/256]    eta: 0:00:07  time: 0.0753  data_time: 0.0024  memory: 830  
2026/05/26 18:09:43 - mmengine - INFO - Epoch(val)  [7][200/256]    eta: 0:00:04  time: 0.0739  data_time: 0.0024  memory: 830  
2026/05/26 18:09:47 - mmengine - INFO - Epoch(val)  [7][250/256]    eta: 0:00:00  time: 0.0761  data_time: 0.0024  memory: 830  
2026/05/26 18:09:47 - mmengine - INFO - 
---------------iou_thr: 0.5---------------
2026/05/26 18:09:47 - mmengine - INFO - 
+--------+------+-------+--------+-------+
| class  | gts  | dets  | recall | ap    |
+--------+------+-------+--------+-------+
| Target | 3454 | 11849 | 0.301  | 0.233 |
+--------+------+-------+--------+-------+
| mAP    |      |       |        | 0.233 |
+--------+------+-------+--------+-------+
2026/05/26 18:09:47 - mmengine - INFO - 
---------------iou_thr: 0.5---------------
2026/05/26 18:09:48 - mmengine - INFO - 
+--------+-----+------+--------+-------+
| class  | gts | dets | recall | ap    |
+--------+-----+------+--------+-------+
| Target | 625 | 2644 | 0.029  | 0.030 |
+--------+-----+------+--------+-------+
| mAP    |     |      |        | 0.030 |
+--------+-----+------+--------+-------+
2026/05/26 18:09:48 - mmengine - INFO - 
---------------iou_thr: 0.5---------------
2026/05/26 18:09:48 - mmengine - INFO - 
+--------+-----+------+--------+-------+
| class  | gts | dets | recall | ap    |
+--------+-----+------+--------+-------+
| Target | 625 | 2644 | 0.029  | 0.030 |
+--------+-----+------+--------+-------+
| mAP    |     |      |        | 0.030 |
+--------+-----+------+--------+-------+
2026/05/26 18:09:48 - mmengine - INFO - 
---------------iou_thr: 0.5---------------
2026/05/26 18:09:48 - mmengine - INFO - 
+--------+------+------+--------+-------+
| class  | gts  | dets | recall | ap    |
+--------+------+------+--------+-------+
| Target | 3454 | 4681 | 0.113  | 0.101 |
+--------+------+------+--------+-------+
| mAP    |      |      |        | 0.101 |
+--------+------+------+--------+-------+
2026/05/26 18:09:48 - mmengine - INFO - 
---------------iou_thr: 0.5---------------
2026/05/26 18:09:48 - mmengine - INFO - 
+--------+------+-------+--------+-------+
| class  | gts  | dets  | recall | ap    |
+--------+------+-------+--------+-------+
| Target | 3454 | 15856 | 0.411  | 0.271 |
+--------+------+-------+--------+-------+
| mAP    |      |       |        | 0.271 |
+--------+------+-------+--------+-------+
2026/05/26 18:09:49 - mmengine - INFO - [SynWarmupSupGRPOStageHook] cached warmup detector epoch=7 score=0.2705
2026/05/26 18:09:49 - mmengine - INFO - Epoch(val) [7][256/256]    global_voc/mAP: 0.2327  global_voc/AP50: 0.2330  raw_cluster_voc/mAP: 0.0303  raw_cluster_voc/AP50: 0.0300  refined_cluster_voc/mAP: 0.0303  refined_cluster_voc/AP50: 0.0300  local_voc/mAP: 0.1011  local_voc/AP50: 0.1010  merged_voc/mAP: 0.2705  merged_voc/AP50: 0.2710  data_time: 0.0026  time: 0.0745
2026/05/26 18:09:49 - mmengine - INFO - The previous best checkpoint /root/data-tmp/BAFE-Net/work_dirs/adascope/best_merged_voc_mAP_epoch_6.pth is removed
2026/05/26 18:09:53 - mmengine - INFO - The best checkpoint with 0.2705 merged_voc/mAP at 7 epoch is saved to best_merged_voc_mAP_epoch_7.pth.
2026/05/26 18:09:58 - mmengine - INFO - [SynWarmupSupGRPOStageHook] mode=train epoch=7 stage=warmup
2026/05/26 18:10:02 - mmengine - INFO - Epoch(train)  [8][ 50/384]  lr: 5.0000e-04  eta: 0:12:24  time: 0.0910  data_time: 0.0055  memory: 1462  grad_norm: 35.2520  loss: 1.5601  cluster_loss_cls: 0.1348  global_loss_cls: 0.2300  global_loss_bbox: 0.6289  global_loss_centerness: 0.5664
2026/05/26 18:10:07 - mmengine - INFO - Epoch(train)  [8][100/384]  lr: 5.0000e-04  eta: 0:12:19  time: 0.0907  data_time: 0.0051  memory: 1462  grad_norm: 33.3947  loss: 1.5977  cluster_loss_cls: 0.1443  global_loss_cls: 0.2351  global_loss_bbox: 0.6481  global_loss_centerness: 0.5703
2026/05/26 18:10:11 - mmengine - INFO - Epoch(train)  [8][150/384]  lr: 5.0000e-04  eta: 0:12:14  time: 0.0894  data_time: 0.0048  memory: 1462  grad_norm: 32.9169  loss: 1.5033  cluster_loss_cls: 0.1253  global_loss_cls: 0.2353  global_loss_bbox: 0.5734  global_loss_centerness: 0.5693
2026/05/26 18:10:16 - mmengine - INFO - Epoch(train)  [8][200/384]  lr: 5.0000e-04  eta: 0:12:09  time: 0.0887  data_time: 0.0048  memory: 1462  grad_norm: 32.2229  loss: 1.4929  cluster_loss_cls: 0.1485  global_loss_cls: 0.2071  global_loss_bbox: 0.5663  global_loss_centerness: 0.5710
2026/05/26 18:10:20 - mmengine - INFO - Epoch(train)  [8][250/384]  lr: 5.0000e-04  eta: 0:12:03  time: 0.0890  data_time: 0.0045  memory: 1462  grad_norm: 31.9068  loss: 1.4898  cluster_loss_cls: 0.1529  global_loss_cls: 0.1885  global_loss_bbox: 0.5978  global_loss_centerness: 0.5505
2026/05/26 18:10:25 - mmengine - INFO - Epoch(train)  [8][300/384]  lr: 5.0000e-04  eta: 0:11:58  time: 0.0897  data_time: 0.0046  memory: 1462  grad_norm: 32.8555  loss: 1.5241  cluster_loss_cls: 0.1225  global_loss_cls: 0.2160  global_loss_bbox: 0.5940  global_loss_centerness: 0.5916
2026/05/26 18:10:26 - mmengine - INFO - Exp name: adascope_20260526_180129
2026/05/26 18:10:29 - mmengine - INFO - Epoch(train)  [8][350/384]  lr: 5.0000e-04  eta: 0:11:53  time: 0.0898  data_time: 0.0049  memory: 1462  grad_norm: 31.9197  loss: 1.4701  cluster_loss_cls: 0.1043  global_loss_cls: 0.1931  global_loss_bbox: 0.5947  global_loss_centerness: 0.5780
2026/05/26 18:10:32 - mmengine - INFO - Exp name: adascope_20260526_180129
2026/05/26 18:10:32 - mmengine - INFO - Saving checkpoint at 8 epochs
2026/05/26 18:10:37 - mmengine - INFO - [SynWarmupSupGRPOStageHook] mode=val epoch=8 stage=warmup
2026/05/26 18:10:41 - mmengine - INFO - Epoch(val)  [8][ 50/256]    eta: 0:00:15  time: 0.0756  data_time: 0.0032  memory: 1462  
2026/05/26 18:10:44 - mmengine - INFO - Epoch(val)  [8][100/256]    eta: 0:00:11  time: 0.0725  data_time: 0.0025  memory: 830  
2026/05/26 18:10:48 - mmengine - INFO - Epoch(val)  [8][150/256]    eta: 0:00:07  time: 0.0755  data_time: 0.0025  memory: 830  
2026/05/26 18:10:52 - mmengine - INFO - Epoch(val)  [8][200/256]    eta: 0:00:04  time: 0.0731  data_time: 0.0025  memory: 830  
2026/05/26 18:10:56 - mmengine - INFO - Epoch(val)  [8][250/256]    eta: 0:00:00  time: 0.0746  data_time: 0.0024  memory: 830  
2026/05/26 18:10:56 - mmengine - INFO - 
---------------iou_thr: 0.5---------------
2026/05/26 18:10:56 - mmengine - INFO - 
+--------+------+-------+--------+-------+
| class  | gts  | dets  | recall | ap    |
+--------+------+-------+--------+-------+
| Target | 3454 | 13341 | 0.313  | 0.250 |
+--------+------+-------+--------+-------+
| mAP    |      |       |        | 0.250 |
+--------+------+-------+--------+-------+
2026/05/26 18:10:56 - mmengine - INFO - 
---------------iou_thr: 0.5---------------
2026/05/26 18:10:57 - mmengine - INFO - 
+--------+-----+------+--------+-------+
| class  | gts | dets | recall | ap    |
+--------+-----+------+--------+-------+
| Target | 625 | 2414 | 0.029  | 0.030 |
+--------+-----+------+--------+-------+
| mAP    |     |      |        | 0.030 |
+--------+-----+------+--------+-------+
2026/05/26 18:10:57 - mmengine - INFO - 
---------------iou_thr: 0.5---------------
2026/05/26 18:10:57 - mmengine - INFO - 
+--------+-----+------+--------+-------+
| class  | gts | dets | recall | ap    |
+--------+-----+------+--------+-------+
| Target | 625 | 2414 | 0.029  | 0.030 |
+--------+-----+------+--------+-------+
| mAP    |     |      |        | 0.030 |
+--------+-----+------+--------+-------+
2026/05/26 18:10:57 - mmengine - INFO - 
---------------iou_thr: 0.5---------------
2026/05/26 18:10:57 - mmengine - INFO - 
+--------+------+------+--------+-------+
| class  | gts  | dets | recall | ap    |
+--------+------+------+--------+-------+
| Target | 3454 | 5216 | 0.171  | 0.130 |
+--------+------+------+--------+-------+
| mAP    |      |      |        | 0.130 |
+--------+------+------+--------+-------+
2026/05/26 18:10:57 - mmengine - INFO - 
---------------iou_thr: 0.5---------------
2026/05/26 18:10:57 - mmengine - INFO - 
+--------+------+-------+--------+-------+
| class  | gts  | dets  | recall | ap    |
+--------+------+-------+--------+-------+
| Target | 3454 | 16951 | 0.475  | 0.317 |
+--------+------+-------+--------+-------+
| mAP    |      |       |        | 0.317 |
+--------+------+-------+--------+-------+
2026/05/26 18:10:58 - mmengine - INFO - [SynWarmupSupGRPOStageHook] cached warmup detector epoch=8 score=0.3166
2026/05/26 18:10:58 - mmengine - INFO - Epoch(val) [8][256/256]    global_voc/mAP: 0.2498  global_voc/AP50: 0.2500  raw_cluster_voc/mAP: 0.0303  raw_cluster_voc/AP50: 0.0300  refined_cluster_voc/mAP: 0.0303  refined_cluster_voc/AP50: 0.0300  local_voc/mAP: 0.1299  local_voc/AP50: 0.1300  merged_voc/mAP: 0.3166  merged_voc/AP50: 0.3170  data_time: 0.0026  time: 0.0741
2026/05/26 18:10:58 - mmengine - INFO - The previous best checkpoint /root/data-tmp/BAFE-Net/work_dirs/adascope/best_merged_voc_mAP_epoch_7.pth is removed
2026/05/26 18:11:02 - mmengine - INFO - The best checkpoint with 0.3166 merged_voc/mAP at 8 epoch is saved to best_merged_voc_mAP_epoch_8.pth.
2026/05/26 18:11:07 - mmengine - INFO - [SynWarmupSupGRPOStageHook] mode=train epoch=8 stage=warmup
2026/05/26 18:11:12 - mmengine - INFO - Epoch(train)  [9][ 50/384]  lr: 5.0000e-04  eta: 0:11:46  time: 0.0939  data_time: 0.0059  memory: 1462  grad_norm: 32.1312  loss: 1.4880  cluster_loss_cls: 0.1185  global_loss_cls: 0.2041  global_loss_bbox: 0.5652  global_loss_centerness: 0.6003
2026/05/26 18:11:16 - mmengine - INFO - Epoch(train)  [9][100/384]  lr: 5.0000e-04  eta: 0:11:40  time: 0.0886  data_time: 0.0049  memory: 1462  grad_norm: 33.6642  loss: 1.2861  cluster_loss_cls: 0.1178  global_loss_cls: 0.1963  global_loss_bbox: 0.4644  global_loss_centerness: 0.5075
2026/05/26 18:11:21 - mmengine - INFO - Epoch(train)  [9][150/384]  lr: 5.0000e-04  eta: 0:11:36  time: 0.0905  data_time: 0.0048  memory: 1462  grad_norm: 34.8452  loss: 1.4404  cluster_loss_cls: 0.1201  global_loss_cls: 0.2189  global_loss_bbox: 0.5496  global_loss_centerness: 0.5517
2026/05/26 18:11:25 - mmengine - INFO - Epoch(train)  [9][200/384]  lr: 5.0000e-04  eta: 0:11:31  time: 0.0926  data_time: 0.0056  memory: 1462  grad_norm: 28.0340  loss: 1.3884  cluster_loss_cls: 0.1391  global_loss_cls: 0.1711  global_loss_bbox: 0.5371  global_loss_centerness: 0.5411
2026/05/26 18:11:30 - mmengine - INFO - Epoch(train)  [9][250/384]  lr: 5.0000e-04  eta: 0:11:26  time: 0.0930  data_time: 0.0051  memory: 1462  grad_norm: 31.7724  loss: 1.4172  cluster_loss_cls: 0.0972  global_loss_cls: 0.2027  global_loss_bbox: 0.5579  global_loss_centerness: 0.5595
2026/05/26 18:11:35 - mmengine - INFO - Epoch(train)  [9][300/384]  lr: 5.0000e-04  eta: 0:11:22  time: 0.0901  data_time: 0.0049  memory: 1462  grad_norm: 33.4787  loss: 1.4580  cluster_loss_cls: 0.1133  global_loss_cls: 0.1818  global_loss_bbox: 0.5903  global_loss_centerness: 0.5726
2026/05/26 18:11:39 - mmengine - INFO - Epoch(train)  [9][350/384]  lr: 5.0000e-04  eta: 0:11:17  time: 0.0901  data_time: 0.0048  memory: 1462  grad_norm: 33.7647  loss: 1.4229  cluster_loss_cls: 0.1238  global_loss_cls: 0.2060  global_loss_bbox: 0.5536  global_loss_centerness: 0.5395
2026/05/26 18:11:42 - mmengine - INFO - Exp name: adascope_20260526_180129
2026/05/26 18:11:42 - mmengine - INFO - Saving checkpoint at 9 epochs
2026/05/26 18:11:47 - mmengine - INFO - [SynWarmupSupGRPOStageHook] mode=val epoch=9 stage=warmup
2026/05/26 18:11:50 - mmengine - INFO - Epoch(val)  [9][ 50/256]    eta: 0:00:13  time: 0.0652  data_time: 0.0032  memory: 1462  
2026/05/26 18:11:54 - mmengine - INFO - Epoch(val)  [9][100/256]    eta: 0:00:10  time: 0.0653  data_time: 0.0027  memory: 781  
2026/05/26 18:11:57 - mmengine - INFO - Epoch(val)  [9][150/256]    eta: 0:00:06  time: 0.0644  data_time: 0.0025  memory: 781  
2026/05/26 18:12:00 - mmengine - INFO - Epoch(val)  [9][200/256]    eta: 0:00:03  time: 0.0637  data_time: 0.0024  memory: 781  
2026/05/26 18:12:03 - mmengine - INFO - Epoch(val)  [9][250/256]    eta: 0:00:00  time: 0.0636  data_time: 0.0024  memory: 781  
2026/05/26 18:12:04 - mmengine - INFO - 
---------------iou_thr: 0.5---------------
2026/05/26 18:12:04 - mmengine - INFO - 
+--------+------+-------+--------+-------+
| class  | gts  | dets  | recall | ap    |
+--------+------+-------+--------+-------+
| Target | 3454 | 12304 | 0.319  | 0.256 |
+--------+------+-------+--------+-------+
| mAP    |      |       |        | 0.256 |
+--------+------+-------+--------+-------+
2026/05/26 18:12:04 - mmengine - INFO - 
---------------iou_thr: 0.5---------------
2026/05/26 18:12:04 - mmengine - INFO - 
+--------+-----+------+--------+-------+
| class  | gts | dets | recall | ap    |
+--------+-----+------+--------+-------+
| Target | 625 | 1706 | 0.029  | 0.045 |
+--------+-----+------+--------+-------+
| mAP    |     |      |        | 0.045 |
+--------+-----+------+--------+-------+
2026/05/26 18:12:04 - mmengine - INFO - 
---------------iou_thr: 0.5---------------
2026/05/26 18:12:04 - mmengine - INFO - 
+--------+-----+------+--------+-------+
| class  | gts | dets | recall | ap    |
+--------+-----+------+--------+-------+
| Target | 625 | 1706 | 0.029  | 0.045 |
+--------+-----+------+--------+-------+
| mAP    |     |      |        | 0.045 |
+--------+-----+------+--------+-------+
2026/05/26 18:12:04 - mmengine - INFO - 
---------------iou_thr: 0.5---------------
2026/05/26 18:12:05 - mmengine - INFO - 
+--------+------+------+--------+-------+
| class  | gts  | dets | recall | ap    |
+--------+------+------+--------+-------+
| Target | 3454 | 2364 | 0.084  | 0.031 |
+--------+------+------+--------+-------+
| mAP    |      |      |        | 0.031 |
+--------+------+------+--------+-------+
2026/05/26 18:12:05 - mmengine - INFO - 
---------------iou_thr: 0.5---------------
2026/05/26 18:12:05 - mmengine - INFO - 
+--------+------+-------+--------+-------+
| class  | gts  | dets  | recall | ap    |
+--------+------+-------+--------+-------+
| Target | 3454 | 14216 | 0.399  | 0.244 |
+--------+------+-------+--------+-------+
| mAP    |      |       |        | 0.244 |
+--------+------+-------+--------+-------+
2026/05/26 18:12:05 - mmengine - INFO - Epoch(val) [9][256/256]    global_voc/mAP: 0.2555  global_voc/AP50: 0.2560  raw_cluster_voc/mAP: 0.0455  raw_cluster_voc/AP50: 0.0450  refined_cluster_voc/mAP: 0.0455  refined_cluster_voc/AP50: 0.0450  local_voc/mAP: 0.0307  local_voc/AP50: 0.0310  merged_voc/mAP: 0.2442  merged_voc/AP50: 0.2440  data_time: 0.0026  time: 0.0644
2026/05/26 18:12:05 - mmengine - INFO - [SynWarmupSupGRPOStageHook] mode=train epoch=9 stage=warmup
2026/05/26 18:12:10 - mmengine - INFO - Epoch(train) [10][ 50/384]  lr: 5.0000e-04  eta: 0:11:09  time: 0.0915  data_time: 0.0054  memory: 1462  grad_norm: 29.5034  loss: 1.3231  cluster_loss_cls: 0.1059  global_loss_cls: 0.1641  global_loss_bbox: 0.4948  global_loss_centerness: 0.5582
2026/05/26 18:12:14 - mmengine - INFO - Epoch(train) [10][100/384]  lr: 5.0000e-04  eta: 0:11:05  time: 0.0943  data_time: 0.0046  memory: 1462  grad_norm: 32.3316  loss: 1.4240  cluster_loss_cls: 0.0924  global_loss_cls: 0.1842  global_loss_bbox: 0.5758  global_loss_centerness: 0.5715
2026/05/26 18:12:19 - mmengine - INFO - Epoch(train) [10][150/384]  lr: 5.0000e-04  eta: 0:11:00  time: 0.0923  data_time: 0.0075  memory: 1462  grad_norm: 27.1191  loss: 1.2418  cluster_loss_cls: 0.1152  global_loss_cls: 0.1531  global_loss_bbox: 0.4836  global_loss_centerness: 0.4899
2026/05/26 18:12:23 - mmengine - INFO - Epoch(train) [10][200/384]  lr: 5.0000e-04  eta: 0:10:55  time: 0.0869  data_time: 0.0045  memory: 1462  grad_norm: 28.2089  loss: 1.3386  cluster_loss_cls: 0.1012  global_loss_cls: 0.1498  global_loss_bbox: 0.5271  global_loss_centerness: 0.5606
2026/05/26 18:12:28 - mmengine - INFO - Epoch(train) [10][250/384]  lr: 5.0000e-04  eta: 0:10:50  time: 0.0918  data_time: 0.0051  memory: 1462  grad_norm: 36.2839  loss: 1.5829  cluster_loss_cls: 0.1089  global_loss_cls: 0.2030  global_loss_bbox: 0.6529  global_loss_centerness: 0.6181
2026/05/26 18:12:32 - mmengine - INFO - Epoch(train) [10][300/384]  lr: 5.0000e-04  eta: 0:10:46  time: 0.0916  data_time: 0.0050  memory: 1462  grad_norm: 38.6171  loss: 1.3801  cluster_loss_cls: 0.0951  global_loss_cls: 0.2052  global_loss_bbox: 0.5244  global_loss_centerness: 0.5554
2026/05/26 18:12:37 - mmengine - INFO - Epoch(train) [10][350/384]  lr: 5.0000e-04  eta: 0:10:41  time: 0.0910  data_time: 0.0048  memory: 1462  grad_norm: 33.4828  loss: 1.4306  cluster_loss_cls: 0.1083  global_loss_cls: 0.1954  global_loss_bbox: 0.5512  global_loss_centerness: 0.5756
2026/05/26 18:12:40 - mmengine - INFO - Exp name: adascope_20260526_180129
2026/05/26 18:12:40 - mmengine - INFO - Saving checkpoint at 10 epochs
2026/05/26 18:12:45 - mmengine - INFO - [SynWarmupSupGRPOStageHook] mode=val epoch=10 stage=warmup
2026/05/26 18:12:48 - mmengine - INFO - Epoch(val) [10][ 50/256]    eta: 0:00:12  time: 0.0606  data_time: 0.0029  memory: 1462  
2026/05/26 18:12:51 - mmengine - INFO - Epoch(val) [10][100/256]    eta: 0:00:09  time: 0.0615  data_time: 0.0023  memory: 781  
2026/05/26 18:12:54 - mmengine - INFO - Epoch(val) [10][150/256]    eta: 0:00:06  time: 0.0597  data_time: 0.0023  memory: 733  
2026/05/26 18:12:57 - mmengine - INFO - Epoch(val) [10][200/256]    eta: 0:00:03  time: 0.0579  data_time: 0.0024  memory: 733  
2026/05/26 18:13:00 - mmengine - INFO - Epoch(val) [10][250/256]    eta: 0:00:00  time: 0.0574  data_time: 0.0022  memory: 733  
2026/05/26 18:13:00 - mmengine - INFO - 
---------------iou_thr: 0.5---------------
2026/05/26 18:13:00 - mmengine - INFO - 
+--------+------+------+--------+-------+
| class  | gts  | dets | recall | ap    |
+--------+------+------+--------+-------+
| Target | 3454 | 8846 | 0.338  | 0.288 |
+--------+------+------+--------+-------+
| mAP    |      |      |        | 0.288 |
+--------+------+------+--------+-------+
2026/05/26 18:13:01 - mmengine - INFO - 
---------------iou_thr: 0.5---------------
2026/05/26 18:13:01 - mmengine - INFO - 
+--------+-----+------+--------+-------+
| class  | gts | dets | recall | ap    |
+--------+-----+------+--------+-------+
| Target | 625 | 1395 | 0.029  | 0.091 |
+--------+-----+------+--------+-------+
| mAP    |     |      |        | 0.091 |
+--------+-----+------+--------+-------+
2026/05/26 18:13:01 - mmengine - INFO - 
---------------iou_thr: 0.5---------------
2026/05/26 18:13:01 - mmengine - INFO - 
+--------+-----+------+--------+-------+
| class  | gts | dets | recall | ap    |
+--------+-----+------+--------+-------+
| Target | 625 | 1395 | 0.029  | 0.091 |
+--------+-----+------+--------+-------+
| mAP    |     |      |        | 0.091 |
+--------+-----+------+--------+-------+
2026/05/26 18:13:01 - mmengine - INFO - 
---------------iou_thr: 0.5---------------
2026/05/26 18:13:01 - mmengine - INFO - 
+--------+------+------+--------+-------+
| class  | gts  | dets | recall | ap    |
+--------+------+------+--------+-------+
| Target | 3454 | 2037 | 0.102  | 0.107 |
+--------+------+------+--------+-------+
| mAP    |      |      |        | 0.107 |
+--------+------+------+--------+-------+
2026/05/26 18:13:01 - mmengine - INFO - 
---------------iou_thr: 0.5---------------
2026/05/26 18:13:01 - mmengine - INFO - 
+--------+------+-------+--------+-------+
| class  | gts  | dets  | recall | ap    |
+--------+------+-------+--------+-------+
| Target | 3454 | 10491 | 0.435  | 0.315 |
+--------+------+-------+--------+-------+
| mAP    |      |       |        | 0.315 |
+--------+------+-------+--------+-------+
2026/05/26 18:13:02 - mmengine - INFO - Epoch(val) [10][256/256]    global_voc/mAP: 0.2880  global_voc/AP50: 0.2880  raw_cluster_voc/mAP: 0.0909  raw_cluster_voc/AP50: 0.0910  refined_cluster_voc/mAP: 0.0909  refined_cluster_voc/AP50: 0.0910  local_voc/mAP: 0.1070  local_voc/AP50: 0.1070  merged_voc/mAP: 0.3153  merged_voc/AP50: 0.3150  data_time: 0.0024  time: 0.0594
2026/05/26 18:13:02 - mmengine - INFO - [SynWarmupSupGRPOStageHook] mode=train epoch=10 stage=warmup
2026/05/26 18:13:06 - mmengine - INFO - Epoch(train) [11][ 50/384]  lr: 5.0000e-04  eta: 0:10:33  time: 0.0933  data_time: 0.0058  memory: 1462  grad_norm: 27.7174  loss: 1.1770  cluster_loss_cls: 0.0998  global_loss_cls: 0.1473  global_loss_bbox: 0.4184  global_loss_centerness: 0.5115
2026/05/26 18:13:11 - mmengine - INFO - Epoch(train) [11][100/384]  lr: 5.0000e-04  eta: 0:10:28  time: 0.0901  data_time: 0.0052  memory: 1462  grad_norm: 31.6755  loss: 1.1890  cluster_loss_cls: 0.0841  global_loss_cls: 0.1590  global_loss_bbox: 0.4255  global_loss_centerness: 0.5205
2026/05/26 18:13:15 - mmengine - INFO - Epoch(train) [11][150/384]  lr: 5.0000e-04  eta: 0:10:23  time: 0.0886  data_time: 0.0047  memory: 1462  grad_norm: 32.9839  loss: 1.4963  cluster_loss_cls: 0.1014  global_loss_cls: 0.1790  global_loss_bbox: 0.6171  global_loss_centerness: 0.5988
2026/05/26 18:13:16 - mmengine - INFO - Exp name: adascope_20260526_180129
2026/05/26 18:13:20 - mmengine - INFO - Epoch(train) [11][200/384]  lr: 5.0000e-04  eta: 0:10:19  time: 0.0907  data_time: 0.0048  memory: 1462  grad_norm: 35.2185  loss: 1.3063  cluster_loss_cls: 0.1037  global_loss_cls: 0.1740  global_loss_bbox: 0.4820  global_loss_centerness: 0.5466
2026/05/26 18:13:24 - mmengine - INFO - Epoch(train) [11][250/384]  lr: 5.0000e-04  eta: 0:10:14  time: 0.0887  data_time: 0.0046  memory: 1462  grad_norm: 32.5332  loss: 1.3110  cluster_loss_cls: 0.1044  global_loss_cls: 0.1813  global_loss_bbox: 0.4925  global_loss_centerness: 0.5328
2026/05/26 18:13:29 - mmengine - INFO - Epoch(train) [11][300/384]  lr: 5.0000e-04  eta: 0:10:09  time: 0.0889  data_time: 0.0049  memory: 1462  grad_norm: 38.3165  loss: 1.3705  cluster_loss_cls: 0.1026  global_loss_cls: 0.2041  global_loss_bbox: 0.4863  global_loss_centerness: 0.5775
2026/05/26 18:13:33 - mmengine - INFO - Epoch(train) [11][350/384]  lr: 5.0000e-04  eta: 0:10:04  time: 0.0919  data_time: 0.0049  memory: 1462  grad_norm: 31.8381  loss: 1.3390  cluster_loss_cls: 0.0776  global_loss_cls: 0.1554  global_loss_bbox: 0.5324  global_loss_centerness: 0.5737
2026/05/26 18:13:36 - mmengine - INFO - Exp name: adascope_20260526_180129
2026/05/26 18:13:36 - mmengine - INFO - Saving checkpoint at 11 epochs
2026/05/26 18:13:41 - mmengine - INFO - [SynWarmupSupGRPOStageHook] mode=val epoch=11 stage=warmup
2026/05/26 18:13:45 - mmengine - INFO - Epoch(val) [11][ 50/256]    eta: 0:00:14  time: 0.0721  data_time: 0.0036  memory: 1462  
2026/05/26 18:13:48 - mmengine - INFO - Epoch(val) [11][100/256]    eta: 0:00:10  time: 0.0656  data_time: 0.0024  memory: 781  
2026/05/26 18:13:51 - mmengine - INFO - Epoch(val) [11][150/256]    eta: 0:00:07  time: 0.0645  data_time: 0.0024  memory: 781  
2026/05/26 18:13:55 - mmengine - INFO - Epoch(val) [11][200/256]    eta: 0:00:03  time: 0.0665  data_time: 0.0024  memory: 781  
2026/05/26 18:13:58 - mmengine - INFO - Epoch(val) [11][250/256]    eta: 0:00:00  time: 0.0681  data_time: 0.0025  memory: 733  
2026/05/26 18:13:58 - mmengine - INFO - 
---------------iou_thr: 0.5---------------
2026/05/26 18:13:59 - mmengine - INFO - 
+--------+------+------+--------+-------+
| class  | gts  | dets | recall | ap    |
+--------+------+------+--------+-------+
| Target | 3454 | 9737 | 0.338  | 0.289 |
+--------+------+------+--------+-------+
| mAP    |      |      |        | 0.289 |
+--------+------+------+--------+-------+
2026/05/26 18:13:59 - mmengine - INFO - 
---------------iou_thr: 0.5---------------
2026/05/26 18:13:59 - mmengine - INFO - 
+--------+-----+------+--------+-------+
| class  | gts | dets | recall | ap    |
+--------+-----+------+--------+-------+
| Target | 625 | 1782 | 0.029  | 0.091 |
+--------+-----+------+--------+-------+
| mAP    |     |      |        | 0.091 |
+--------+-----+------+--------+-------+
2026/05/26 18:13:59 - mmengine - INFO - 
---------------iou_thr: 0.5---------------
2026/05/26 18:13:59 - mmengine - INFO - 
+--------+-----+------+--------+-------+
| class  | gts | dets | recall | ap    |
+--------+-----+------+--------+-------+
| Target | 625 | 1782 | 0.029  | 0.091 |
+--------+-----+------+--------+-------+
| mAP    |     |      |        | 0.091 |
+--------+-----+------+--------+-------+
2026/05/26 18:13:59 - mmengine - INFO - 
---------------iou_thr: 0.5---------------
2026/05/26 18:13:59 - mmengine - INFO - 
+--------+------+------+--------+-------+
| class  | gts  | dets | recall | ap    |
+--------+------+------+--------+-------+
| Target | 3454 | 3679 | 0.129  | 0.109 |
+--------+------+------+--------+-------+
| mAP    |      |      |        | 0.109 |
+--------+------+------+--------+-------+
2026/05/26 18:13:59 - mmengine - INFO - 
---------------iou_thr: 0.5---------------
2026/05/26 18:14:00 - mmengine - INFO - 
+--------+------+-------+--------+-------+
| class  | gts  | dets  | recall | ap    |
+--------+------+-------+--------+-------+
| Target | 3454 | 12731 | 0.459  | 0.303 |
+--------+------+-------+--------+-------+
| mAP    |      |       |        | 0.303 |
+--------+------+-------+--------+-------+
2026/05/26 18:14:00 - mmengine - INFO - Epoch(val) [11][256/256]    global_voc/mAP: 0.2887  global_voc/AP50: 0.2890  raw_cluster_voc/mAP: 0.0909  raw_cluster_voc/AP50: 0.0910  refined_cluster_voc/mAP: 0.0909  refined_cluster_voc/AP50: 0.0910  local_voc/mAP: 0.1090  local_voc/AP50: 0.1090  merged_voc/mAP: 0.3027  merged_voc/AP50: 0.3030  data_time: 0.0026  time: 0.0672
2026/05/26 18:14:00 - mmengine - INFO - [SynWarmupSupGRPOStageHook] mode=train epoch=11 stage=warmup
2026/05/26 18:14:04 - mmengine - INFO - Epoch(train) [12][ 50/384]  lr: 5.0000e-04  eta: 0:09:56  time: 0.0897  data_time: 0.0052  memory: 1462  grad_norm: 31.5955  loss: 1.2490  cluster_loss_cls: 0.1023  global_loss_cls: 0.1535  global_loss_bbox: 0.4532  global_loss_centerness: 0.5400
2026/05/26 18:14:09 - mmengine - INFO - Epoch(train) [12][100/384]  lr: 5.0000e-04  eta: 0:09:52  time: 0.0957  data_time: 0.0058  memory: 1462  grad_norm: 36.8661  loss: 1.2463  cluster_loss_cls: 0.0786  global_loss_cls: 0.1454  global_loss_bbox: 0.4628  global_loss_centerness: 0.5594
2026/05/26 18:14:14 - mmengine - INFO - Epoch(train) [12][150/384]  lr: 5.0000e-04  eta: 0:09:47  time: 0.0898  data_time: 0.0048  memory: 1462  grad_norm: 31.6697  loss: 1.3126  cluster_loss_cls: 0.0878  global_loss_cls: 0.1741  global_loss_bbox: 0.4828  global_loss_centerness: 0.5680
2026/05/26 18:14:18 - mmengine - INFO - Epoch(train) [12][200/384]  lr: 5.0000e-04  eta: 0:09:42  time: 0.0871  data_time: 0.0048  memory: 1462  grad_norm: 30.3454  loss: 1.2545  cluster_loss_cls: 0.0857  global_loss_cls: 0.1529  global_loss_bbox: 0.4736  global_loss_centerness: 0.5422
2026/05/26 18:14:22 - mmengine - INFO - Epoch(train) [12][250/384]  lr: 5.0000e-04  eta: 0:09:37  time: 0.0898  data_time: 0.0048  memory: 1462  grad_norm: 34.5040  loss: 1.2209  cluster_loss_cls: 0.0883  global_loss_cls: 0.1760  global_loss_bbox: 0.4503  global_loss_centerness: 0.5063
2026/05/26 18:14:27 - mmengine - INFO - Epoch(train) [12][300/384]  lr: 5.0000e-04  eta: 0:09:33  time: 0.0906  data_time: 0.0047  memory: 1462  grad_norm: 32.5263  loss: 1.2774  cluster_loss_cls: 0.0871  global_loss_cls: 0.1405  global_loss_bbox: 0.4834  global_loss_centerness: 0.5663
2026/05/26 18:14:31 - mmengine - INFO - Epoch(train) [12][350/384]  lr: 5.0000e-04  eta: 0:09:28  time: 0.0907  data_time: 0.0049  memory: 1462  grad_norm: 32.6779  loss: 1.2342  cluster_loss_cls: 0.0902  global_loss_cls: 0.1359  global_loss_bbox: 0.4337  global_loss_centerness: 0.5743
2026/05/26 18:14:35 - mmengine - INFO - Exp name: adascope_20260526_180129
2026/05/26 18:14:35 - mmengine - INFO - Saving checkpoint at 12 epochs
2026/05/26 18:14:39 - mmengine - INFO - [SynWarmupSupGRPOStageHook] mode=val epoch=12 stage=warmup
2026/05/26 18:14:43 - mmengine - INFO - Epoch(val) [12][ 50/256]    eta: 0:00:13  time: 0.0677  data_time: 0.0032  memory: 1462  
2026/05/26 18:14:46 - mmengine - INFO - Epoch(val) [12][100/256]    eta: 0:00:10  time: 0.0641  data_time: 0.0026  memory: 781  
2026/05/26 18:14:49 - mmengine - INFO - Epoch(val) [12][150/256]    eta: 0:00:06  time: 0.0630  data_time: 0.0025  memory: 781  
2026/05/26 18:14:52 - mmengine - INFO - Epoch(val) [12][200/256]    eta: 0:00:03  time: 0.0628  data_time: 0.0023  memory: 781  
2026/05/26 18:14:55 - mmengine - INFO - Epoch(val) [12][250/256]    eta: 0:00:00  time: 0.0634  data_time: 0.0023  memory: 781  
2026/05/26 18:14:56 - mmengine - INFO - 
---------------iou_thr: 0.5---------------
2026/05/26 18:14:56 - mmengine - INFO - 
+--------+------+------+--------+-------+
| class  | gts  | dets | recall | ap    |
+--------+------+------+--------+-------+
| Target | 3454 | 8522 | 0.350  | 0.294 |
+--------+------+------+--------+-------+
| mAP    |      |      |        | 0.294 |
+--------+------+------+--------+-------+
2026/05/26 18:14:56 - mmengine - INFO - 
---------------iou_thr: 0.5---------------
2026/05/26 18:14:56 - mmengine - INFO - 
+--------+-----+------+--------+-------+
| class  | gts | dets | recall | ap    |
+--------+-----+------+--------+-------+
| Target | 625 | 1806 | 0.029  | 0.091 |
+--------+-----+------+--------+-------+
| mAP    |     |      |        | 0.091 |
+--------+-----+------+--------+-------+
2026/05/26 18:14:56 - mmengine - INFO - 
---------------iou_thr: 0.5---------------
2026/05/26 18:14:57 - mmengine - INFO - 
+--------+-----+------+--------+-------+
| class  | gts | dets | recall | ap    |
+--------+-----+------+--------+-------+
| Target | 625 | 1806 | 0.029  | 0.091 |
+--------+-----+------+--------+-------+
| mAP    |     |      |        | 0.091 |
+--------+-----+------+--------+-------+
2026/05/26 18:14:57 - mmengine - INFO - 
---------------iou_thr: 0.5---------------
2026/05/26 18:14:57 - mmengine - INFO - 
+--------+------+------+--------+-------+
| class  | gts  | dets | recall | ap    |
+--------+------+------+--------+-------+
| Target | 3454 | 2383 | 0.121  | 0.114 |
+--------+------+------+--------+-------+
| mAP    |      |      |        | 0.114 |
+--------+------+------+--------+-------+
2026/05/26 18:14:57 - mmengine - INFO - 
---------------iou_thr: 0.5---------------
2026/05/26 18:14:57 - mmengine - INFO - 
+--------+------+-------+--------+-------+
| class  | gts  | dets  | recall | ap    |
+--------+------+-------+--------+-------+
| Target | 3454 | 10845 | 0.466  | 0.322 |
+--------+------+-------+--------+-------+
| mAP    |      |       |        | 0.322 |
+--------+------+-------+--------+-------+
2026/05/26 18:14:57 - mmengine - INFO - [SynWarmupSupGRPOStageHook] cached warmup detector epoch=12 score=0.3219
2026/05/26 18:14:57 - mmengine - INFO - Epoch(val) [12][256/256]    global_voc/mAP: 0.2936  global_voc/AP50: 0.2940  raw_cluster_voc/mAP: 0.0909  raw_cluster_voc/AP50: 0.0910  refined_cluster_voc/mAP: 0.0909  refined_cluster_voc/AP50: 0.0910  local_voc/mAP: 0.1145  local_voc/AP50: 0.1140  merged_voc/mAP: 0.3219  merged_voc/AP50: 0.3220  data_time: 0.0026  time: 0.0642
2026/05/26 18:14:57 - mmengine - INFO - The previous best checkpoint /root/data-tmp/BAFE-Net/work_dirs/adascope/best_merged_voc_mAP_epoch_8.pth is removed
2026/05/26 18:15:02 - mmengine - INFO - The best checkpoint with 0.3219 merged_voc/mAP at 12 epoch is saved to best_merged_voc_mAP_epoch_12.pth.
2026/05/26 18:15:09 - mmengine - INFO - [SynWarmupSupGRPOStageHook] mode=train epoch=12 stage=refiner_supervised
2026/05/26 18:15:12 - mmengine - INFO - Epoch(train) [13][ 50/384]  lr: 5.0000e-04  eta: 0:09:18  time: 0.0604  data_time: 0.0084  memory: 733  grad_norm: 0.0009  loss: 0.0364  cluster_loss_cls: 0.0902  global_loss_cls: 0.1596  global_loss_bbox: 0.5019  global_loss_centerness: 0.5772  refiner_sup_loss_box: 0.0364  refiner_sup_iou: 0.2690  refiner_sup_valid_ratio: 0.2353  refiner_sup_num_valid: 4.0000  refiner_sup_template_iou: 0.0351
2026/05/26 18:15:14 - mmengine - INFO - Epoch(train) [13][100/384]  lr: 5.0000e-04  eta: 0:09:11  time: 0.0547  data_time: 0.0047  memory: 662  grad_norm: 0.0011  loss: 0.0406  cluster_loss_cls: 0.0902  global_loss_cls: 0.1596  global_loss_bbox: 0.5019  global_loss_centerness: 0.5772  refiner_sup_loss_box: 0.0406  refiner_sup_iou: 0.3211  refiner_sup_valid_ratio: 0.3000  refiner_sup_num_valid: 3.0000  refiner_sup_template_iou: 0.1737
2026/05/26 18:15:17 - mmengine - INFO - Epoch(train) [13][150/384]  lr: 5.0000e-04  eta: 0:09:04  time: 0.0565  data_time: 0.0046  memory: 662  grad_norm: 0.0009  loss: 0.0411  cluster_loss_cls: 0.0902  global_loss_cls: 0.1596  global_loss_bbox: 0.5019  global_loss_centerness: 0.5772  refiner_sup_loss_box: 0.0411  refiner_sup_iou: 0.1354  refiner_sup_valid_ratio: 0.1818  refiner_sup_num_valid: 2.0000  refiner_sup_template_iou: 0.0000
2026/05/26 18:15:20 - mmengine - INFO - Epoch(train) [13][200/384]  lr: 5.0000e-04  eta: 0:08:58  time: 0.0565  data_time: 0.0068  memory: 662  grad_norm: 0.0009  loss: 0.0369  cluster_loss_cls: 0.0902  global_loss_cls: 0.1596  global_loss_bbox: 0.5019  global_loss_centerness: 0.5772  refiner_sup_loss_box: 0.0369  refiner_sup_iou: 0.2905  refiner_sup_valid_ratio: 0.3571  refiner_sup_num_valid: 5.0000  refiner_sup_template_iou: 0.1214
2026/05/26 18:15:23 - mmengine - INFO - Epoch(train) [13][250/384]  lr: 5.0000e-04  eta: 0:08:51  time: 0.0562  data_time: 0.0053  memory: 662  grad_norm: 0.0010  loss: 0.0477  cluster_loss_cls: 0.0902  global_loss_cls: 0.1596  global_loss_bbox: 0.5019  global_loss_centerness: 0.5772  refiner_sup_loss_box: 0.0477  refiner_sup_iou: 0.2135  refiner_sup_valid_ratio: 0.2143  refiner_sup_num_valid: 3.0000  refiner_sup_template_iou: 0.0733
2026/05/26 18:15:26 - mmengine - INFO - Epoch(train) [13][300/384]  lr: 5.0000e-04  eta: 0:08:45  time: 0.0559  data_time: 0.0048  memory: 662  grad_norm: 0.0010  loss: 0.0337  cluster_loss_cls: 0.0902  global_loss_cls: 0.1596  global_loss_bbox: 0.5019  global_loss_centerness: 0.5772  refiner_sup_loss_box: 0.0337  refiner_sup_iou: 0.2805  refiner_sup_valid_ratio: 0.4167  refiner_sup_num_valid: 5.0000  refiner_sup_template_iou: 0.0805
2026/05/26 18:15:28 - mmengine - INFO - Epoch(train) [13][350/384]  lr: 5.0000e-04  eta: 0:08:38  time: 0.0575  data_time: 0.0053  memory: 662  grad_norm: 0.0009  loss: 0.0373  cluster_loss_cls: 0.0902  global_loss_cls: 0.1596  global_loss_bbox: 0.5019  global_loss_centerness: 0.5772  refiner_sup_loss_box: 0.0373  refiner_sup_iou: 0.4402  refiner_sup_valid_ratio: 0.4545  refiner_sup_num_valid: 5.0000  refiner_sup_template_iou: 0.1366
2026/05/26 18:15:30 - mmengine - INFO - Exp name: adascope_20260526_180129
2026/05/26 18:15:30 - mmengine - INFO - Saving checkpoint at 13 epochs
2026/05/26 18:15:36 - mmengine - INFO - [SynWarmupSupGRPOStageHook] mode=val epoch=13 stage=refiner_supervised
2026/05/26 18:15:36 - mmengine - INFO - [AutoSyncExternalLocal] external local FCOS synchronized from current global branch.
2026/05/26 18:15:39 - mmengine - INFO - Epoch(val) [13][ 50/256]    eta: 0:00:15  time: 0.0751  data_time: 0.0032  memory: 856  
2026/05/26 18:15:43 - mmengine - INFO - Epoch(val) [13][100/256]    eta: 0:00:11  time: 0.0694  data_time: 0.0023  memory: 807  
2026/05/26 18:15:47 - mmengine - INFO - Epoch(val) [13][150/256]    eta: 0:00:07  time: 0.0732  data_time: 0.0025  memory: 807  
2026/05/26 18:15:50 - mmengine - INFO - Epoch(val) [13][200/256]    eta: 0:00:04  time: 0.0729  data_time: 0.0023  memory: 807  
2026/05/26 18:15:54 - mmengine - INFO - Epoch(val) [13][250/256]    eta: 0:00:00  time: 0.0735  data_time: 0.0024  memory: 807  
2026/05/26 18:15:54 - mmengine - INFO - 
---------------iou_thr: 0.5---------------
2026/05/26 18:15:55 - mmengine - INFO - 
+--------+------+------+--------+-------+
| class  | gts  | dets | recall | ap    |
+--------+------+------+--------+-------+
| Target | 3454 | 8522 | 0.350  | 0.294 |
+--------+------+------+--------+-------+
| mAP    |      |      |        | 0.294 |
+--------+------+------+--------+-------+
2026/05/26 18:15:55 - mmengine - INFO - 
---------------iou_thr: 0.5---------------
2026/05/26 18:15:55 - mmengine - INFO - 
+--------+-----+------+--------+-------+
| class  | gts | dets | recall | ap    |
+--------+-----+------+--------+-------+
| Target | 625 | 1806 | 0.029  | 0.091 |
+--------+-----+------+--------+-------+
| mAP    |     |      |        | 0.091 |
+--------+-----+------+--------+-------+
2026/05/26 18:15:55 - mmengine - INFO - 
---------------iou_thr: 0.5---------------
2026/05/26 18:15:55 - mmengine - INFO - 
+--------+-----+------+--------+-------+
| class  | gts | dets | recall | ap    |
+--------+-----+------+--------+-------+
| Target | 625 | 1806 | 0.030  | 0.091 |
+--------+-----+------+--------+-------+
| mAP    |     |      |        | 0.091 |
+--------+-----+------+--------+-------+
2026/05/26 18:15:55 - mmengine - INFO - 
---------------iou_thr: 0.5---------------
2026/05/26 18:15:55 - mmengine - INFO - 
+--------+------+------+--------+-------+
| class  | gts  | dets | recall | ap    |
+--------+------+------+--------+-------+
| Target | 3454 | 2545 | 0.133  | 0.076 |
+--------+------+------+--------+-------+
| mAP    |      |      |        | 0.076 |
+--------+------+------+--------+-------+
2026/05/26 18:15:55 - mmengine - INFO - 
---------------iou_thr: 0.5---------------
2026/05/26 18:15:56 - mmengine - INFO - 
+--------+------+-------+--------+-------+
| class  | gts  | dets  | recall | ap    |
+--------+------+-------+--------+-------+
| Target | 3454 | 10993 | 0.477  | 0.311 |
+--------+------+-------+--------+-------+
| mAP    |      |       |        | 0.311 |
+--------+------+-------+--------+-------+
2026/05/26 18:15:56 - mmengine - INFO - [SynWarmupSupGRPOStageHook] cached supervised refiner epoch=13 score=0.3110
2026/05/26 18:15:56 - mmengine - INFO - Epoch(val) [13][256/256]    global_voc/mAP: 0.2936  global_voc/AP50: 0.2940  raw_cluster_voc/mAP: 0.0909  raw_cluster_voc/AP50: 0.0910  refined_cluster_voc/mAP: 0.0909  refined_cluster_voc/AP50: 0.0910  local_voc/mAP: 0.0765  local_voc/AP50: 0.0760  merged_voc/mAP: 0.3110  merged_voc/AP50: 0.3110  data_time: 0.0025  time: 0.0727
2026/05/26 18:15:56 - mmengine - INFO - [SynWarmupSupGRPOStageHook] mode=train epoch=13 stage=refiner_supervised
2026/05/26 18:15:56 - mmengine - INFO - Exp name: adascope_20260526_180129
2026/05/26 18:15:58 - mmengine - INFO - Epoch(train) [14][ 50/384]  lr: 5.0000e-04  eta: 0:08:28  time: 0.0559  data_time: 0.0057  memory: 759  grad_norm: 0.0008  loss: 0.0397  cluster_loss_cls: 0.0902  global_loss_cls: 0.1596  global_loss_bbox: 0.5019  global_loss_centerness: 0.5772  refiner_sup_loss_box: 0.0397  refiner_sup_iou: 0.3969  refiner_sup_valid_ratio: 0.2308  refiner_sup_num_valid: 3.0000  refiner_sup_template_iou: 0.1003
2026/05/26 18:16:01 - mmengine - INFO - Epoch(train) [14][100/384]  lr: 5.0000e-04  eta: 0:08:21  time: 0.0531  data_time: 0.0047  memory: 662  grad_norm: 0.0010  loss: 0.0369  cluster_loss_cls: 0.0902  global_loss_cls: 0.1596  global_loss_bbox: 0.5019  global_loss_centerness: 0.5772  refiner_sup_loss_box: 0.0369  refiner_sup_iou: 0.3255  refiner_sup_valid_ratio: 0.2778  refiner_sup_num_valid: 5.0000  refiner_sup_template_iou: 0.1494
2026/05/26 18:16:04 - mmengine - INFO - Epoch(train) [14][150/384]  lr: 5.0000e-04  eta: 0:08:15  time: 0.0545  data_time: 0.0048  memory: 662  grad_norm: 0.0009  loss: 0.0364  cluster_loss_cls: 0.0902  global_loss_cls: 0.1596  global_loss_bbox: 0.5019  global_loss_centerness: 0.5772  refiner_sup_loss_box: 0.0364  refiner_sup_iou: 0.2891  refiner_sup_valid_ratio: 0.3000  refiner_sup_num_valid: 3.0000  refiner_sup_template_iou: 0.0792
2026/05/26 18:16:07 - mmengine - INFO - Epoch(train) [14][200/384]  lr: 5.0000e-04  eta: 0:08:09  time: 0.0551  data_time: 0.0052  memory: 662  grad_norm: 0.0009  loss: 0.0380  cluster_loss_cls: 0.0902  global_loss_cls: 0.1596  global_loss_bbox: 0.5019  global_loss_centerness: 0.5772  refiner_sup_loss_box: 0.0380  refiner_sup_iou: 0.2599  refiner_sup_valid_ratio: 0.2778  refiner_sup_num_valid: 5.0000  refiner_sup_template_iou: 0.1932
2026/05/26 18:16:09 - mmengine - INFO - Epoch(train) [14][250/384]  lr: 5.0000e-04  eta: 0:08:02  time: 0.0539  data_time: 0.0046  memory: 662  grad_norm: 0.0010  loss: 0.0367  cluster_loss_cls: 0.0902  global_loss_cls: 0.1596  global_loss_bbox: 0.5019  global_loss_centerness: 0.5772  refiner_sup_loss_box: 0.0367  refiner_sup_iou: 0.2630  refiner_sup_valid_ratio: 0.2632  refiner_sup_num_valid: 5.0000  refiner_sup_template_iou: 0.1436
2026/05/26 18:16:12 - mmengine - INFO - Epoch(train) [14][300/384]  lr: 5.0000e-04  eta: 0:07:56  time: 0.0506  data_time: 0.0044  memory: 662  grad_norm: 0.0009  loss: 0.0365  cluster_loss_cls: 0.0902  global_loss_cls: 0.1596  global_loss_bbox: 0.5019  global_loss_centerness: 0.5772  refiner_sup_loss_box: 0.0365  refiner_sup_iou: 0.3632  refiner_sup_valid_ratio: 0.1579  refiner_sup_num_valid: 3.0000  refiner_sup_template_iou: 0.1992
2026/05/26 18:16:15 - mmengine - INFO - Epoch(train) [14][350/384]  lr: 5.0000e-04  eta: 0:07:50  time: 0.0539  data_time: 0.0045  memory: 662  grad_norm: 0.0010  loss: 0.0362  cluster_loss_cls: 0.0902  global_loss_cls: 0.1596  global_loss_bbox: 0.5019  global_loss_centerness: 0.5772  refiner_sup_loss_box: 0.0362  refiner_sup_iou: 0.2112  refiner_sup_valid_ratio: 0.1333  refiner_sup_num_valid: 2.0000  refiner_sup_template_iou: 0.0399
2026/05/26 18:16:17 - mmengine - INFO - Exp name: adascope_20260526_180129
2026/05/26 18:16:17 - mmengine - INFO - Saving checkpoint at 14 epochs
2026/05/26 18:16:21 - mmengine - INFO - [SynWarmupSupGRPOStageHook] mode=val epoch=14 stage=refiner_supervised
2026/05/26 18:16:25 - mmengine - INFO - Epoch(val) [14][ 50/256]    eta: 0:00:15  time: 0.0734  data_time: 0.0032  memory: 856  
2026/05/26 18:16:29 - mmengine - INFO - Epoch(val) [14][100/256]    eta: 0:00:11  time: 0.0716  data_time: 0.0024  memory: 807  
2026/05/26 18:16:32 - mmengine - INFO - Epoch(val) [14][150/256]    eta: 0:00:07  time: 0.0702  data_time: 0.0022  memory: 807  
2026/05/26 18:16:36 - mmengine - INFO - Epoch(val) [14][200/256]    eta: 0:00:04  time: 0.0717  data_time: 0.0023  memory: 807  
2026/05/26 18:16:39 - mmengine - INFO - Epoch(val) [14][250/256]    eta: 0:00:00  time: 0.0724  data_time: 0.0022  memory: 807  
2026/05/26 18:16:40 - mmengine - INFO - 
---------------iou_thr: 0.5---------------
2026/05/26 18:16:40 - mmengine - INFO - 
+--------+------+------+--------+-------+
| class  | gts  | dets | recall | ap    |
+--------+------+------+--------+-------+
| Target | 3454 | 8522 | 0.350  | 0.294 |
+--------+------+------+--------+-------+
| mAP    |      |      |        | 0.294 |
+--------+------+------+--------+-------+
2026/05/26 18:16:40 - mmengine - INFO - 
---------------iou_thr: 0.5---------------
2026/05/26 18:16:40 - mmengine - INFO - 
+--------+-----+------+--------+-------+
| class  | gts | dets | recall | ap    |
+--------+-----+------+--------+-------+
| Target | 625 | 1806 | 0.029  | 0.091 |
+--------+-----+------+--------+-------+
| mAP    |     |      |        | 0.091 |
+--------+-----+------+--------+-------+
2026/05/26 18:16:40 - mmengine - INFO - 
---------------iou_thr: 0.5---------------
2026/05/26 18:16:41 - mmengine - INFO - 
+--------+-----+------+--------+-------+
| class  | gts | dets | recall | ap    |
+--------+-----+------+--------+-------+
| Target | 625 | 1806 | 0.030  | 0.091 |
+--------+-----+------+--------+-------+
| mAP    |     |      |        | 0.091 |
+--------+-----+------+--------+-------+
2026/05/26 18:16:41 - mmengine - INFO - 
---------------iou_thr: 0.5---------------
2026/05/26 18:16:41 - mmengine - INFO - 
+--------+------+------+--------+-------+
| class  | gts  | dets | recall | ap    |
+--------+------+------+--------+-------+
| Target | 3454 | 2592 | 0.135  | 0.077 |
+--------+------+------+--------+-------+
| mAP    |      |      |        | 0.077 |
+--------+------+------+--------+-------+
2026/05/26 18:16:41 - mmengine - INFO - 
---------------iou_thr: 0.5---------------
2026/05/26 18:16:41 - mmengine - INFO - 
+--------+------+-------+--------+-------+
| class  | gts  | dets  | recall | ap    |
+--------+------+-------+--------+-------+
| Target | 3454 | 11025 | 0.479  | 0.309 |
+--------+------+-------+--------+-------+
| mAP    |      |       |        | 0.309 |
+--------+------+-------+--------+-------+
2026/05/26 18:16:41 - mmengine - INFO - Epoch(val) [14][256/256]    global_voc/mAP: 0.2936  global_voc/AP50: 0.2940  raw_cluster_voc/mAP: 0.0909  raw_cluster_voc/AP50: 0.0910  refined_cluster_voc/mAP: 0.0909  refined_cluster_voc/AP50: 0.0910  local_voc/mAP: 0.0765  local_voc/AP50: 0.0770  merged_voc/mAP: 0.3087  merged_voc/AP50: 0.3090  data_time: 0.0025  time: 0.0718
2026/05/26 18:16:41 - mmengine - INFO - [SynWarmupSupGRPOStageHook] mode=train epoch=14 stage=refiner_supervised
2026/05/26 18:16:44 - mmengine - INFO - Epoch(train) [15][ 50/384]  lr: 5.0000e-04  eta: 0:07:40  time: 0.0553  data_time: 0.0055  memory: 759  grad_norm: 0.0010  loss: 0.0360  cluster_loss_cls: 0.0902  global_loss_cls: 0.1596  global_loss_bbox: 0.5019  global_loss_centerness: 0.5772  refiner_sup_loss_box: 0.0360  refiner_sup_iou: 0.2798  refiner_sup_valid_ratio: 0.3571  refiner_sup_num_valid: 5.0000  refiner_sup_template_iou: 0.1567
2026/05/26 18:16:47 - mmengine - INFO - Epoch(train) [15][100/384]  lr: 5.0000e-04  eta: 0:07:35  time: 0.0558  data_time: 0.0053  memory: 662  grad_norm: 0.0008  loss: 0.0322  cluster_loss_cls: 0.0902  global_loss_cls: 0.1596  global_loss_bbox: 0.5019  global_loss_centerness: 0.5772  refiner_sup_loss_box: 0.0322  refiner_sup_iou: 0.3109  refiner_sup_valid_ratio: 0.4286  refiner_sup_num_valid: 6.0000  refiner_sup_template_iou: 0.1245
2026/05/26 18:16:49 - mmengine - INFO - Epoch(train) [15][150/384]  lr: 5.0000e-04  eta: 0:07:29  time: 0.0528  data_time: 0.0047  memory: 662  grad_norm: 0.0010  loss: 0.0437  cluster_loss_cls: 0.0902  global_loss_cls: 0.1596  global_loss_bbox: 0.5019  global_loss_centerness: 0.5772  refiner_sup_loss_box: 0.0437  refiner_sup_iou: 0.2063  refiner_sup_valid_ratio: 0.1905  refiner_sup_num_valid: 4.0000  refiner_sup_template_iou: 0.0551
2026/05/26 18:16:52 - mmengine - INFO - Epoch(train) [15][200/384]  lr: 5.0000e-04  eta: 0:07:23  time: 0.0550  data_time: 0.0046  memory: 662  grad_norm: 0.0009  loss: 0.0417  cluster_loss_cls: 0.0902  global_loss_cls: 0.1596  global_loss_bbox: 0.5019  global_loss_centerness: 0.5772  refiner_sup_loss_box: 0.0417  refiner_sup_iou: 0.2820  refiner_sup_valid_ratio: 0.3333  refiner_sup_num_valid: 7.0000  refiner_sup_template_iou: 0.2062
2026/05/26 18:16:55 - mmengine - INFO - Epoch(train) [15][250/384]  lr: 5.0000e-04  eta: 0:07:17  time: 0.0544  data_time: 0.0047  memory: 662  grad_norm: 0.0008  loss: 0.0374  cluster_loss_cls: 0.0902  global_loss_cls: 0.1596  global_loss_bbox: 0.5019  global_loss_centerness: 0.5772  refiner_sup_loss_box: 0.0374  refiner_sup_iou: 0.2051  refiner_sup_valid_ratio: 0.3750  refiner_sup_num_valid: 3.0000  refiner_sup_template_iou: 0.0332
2026/05/26 18:16:58 - mmengine - INFO - Epoch(train) [15][300/384]  lr: 5.0000e-04  eta: 0:07:12  time: 0.0548  data_time: 0.0048  memory: 662  grad_norm: 0.0010  loss: 0.0388  cluster_loss_cls: 0.0902  global_loss_cls: 0.1596  global_loss_bbox: 0.5019  global_loss_centerness: 0.5772  refiner_sup_loss_box: 0.0388  refiner_sup_iou: 0.3673  refiner_sup_valid_ratio: 0.1053  refiner_sup_num_valid: 2.0000  refiner_sup_template_iou: 0.2288
2026/05/26 18:17:00 - mmengine - INFO - Epoch(train) [15][350/384]  lr: 5.0000e-04  eta: 0:07:06  time: 0.0560  data_time: 0.0048  memory: 662  grad_norm: 0.0010  loss: 0.0373  cluster_loss_cls: 0.0902  global_loss_cls: 0.1596  global_loss_bbox: 0.5019  global_loss_centerness: 0.5772  refiner_sup_loss_box: 0.0373  refiner_sup_iou: 0.0000  refiner_sup_valid_ratio: 0.0000  refiner_sup_num_valid: 0.0000  refiner_sup_template_iou: 0.0000
2026/05/26 18:17:02 - mmengine - INFO - Exp name: adascope_20260526_180129
2026/05/26 18:17:02 - mmengine - INFO - Saving checkpoint at 15 epochs
2026/05/26 18:17:07 - mmengine - INFO - [SynWarmupSupGRPOStageHook] mode=val epoch=15 stage=refiner_supervised
2026/05/26 18:17:12 - mmengine - INFO - Epoch(val) [15][ 50/256]    eta: 0:00:16  time: 0.0818  data_time: 0.0033  memory: 856  
2026/05/26 18:17:15 - mmengine - INFO - Epoch(val) [15][100/256]    eta: 0:00:12  time: 0.0740  data_time: 0.0026  memory: 807  
2026/05/26 18:17:19 - mmengine - INFO - Epoch(val) [15][150/256]    eta: 0:00:08  time: 0.0736  data_time: 0.0025  memory: 807  
2026/05/26 18:17:23 - mmengine - INFO - Epoch(val) [15][200/256]    eta: 0:00:04  time: 0.0806  data_time: 0.0027  memory: 807  
2026/05/26 18:17:27 - mmengine - INFO - Epoch(val) [15][250/256]    eta: 0:00:00  time: 0.0748  data_time: 0.0025  memory: 807  
2026/05/26 18:17:27 - mmengine - INFO - 
---------------iou_thr: 0.5---------------
2026/05/26 18:17:27 - mmengine - INFO - 
+--------+------+------+--------+-------+
| class  | gts  | dets | recall | ap    |
+--------+------+------+--------+-------+
| Target | 3454 | 8522 | 0.350  | 0.294 |
+--------+------+------+--------+-------+
| mAP    |      |      |        | 0.294 |
+--------+------+------+--------+-------+
2026/05/26 18:17:27 - mmengine - INFO - 
---------------iou_thr: 0.5---------------
2026/05/26 18:17:28 - mmengine - INFO - 
+--------+-----+------+--------+-------+
| class  | gts | dets | recall | ap    |
+--------+-----+------+--------+-------+
| Target | 625 | 1806 | 0.029  | 0.091 |
+--------+-----+------+--------+-------+
| mAP    |     |      |        | 0.091 |
+--------+-----+------+--------+-------+
2026/05/26 18:17:28 - mmengine - INFO - 
---------------iou_thr: 0.5---------------
2026/05/26 18:17:28 - mmengine - INFO - 
+--------+-----+------+--------+-------+
| class  | gts | dets | recall | ap    |
+--------+-----+------+--------+-------+
| Target | 625 | 1806 | 0.030  | 0.091 |
+--------+-----+------+--------+-------+
| mAP    |     |      |        | 0.091 |
+--------+-----+------+--------+-------+
2026/05/26 18:17:28 - mmengine - INFO - 
---------------iou_thr: 0.5---------------
2026/05/26 18:17:28 - mmengine - INFO - 
+--------+------+------+--------+-------+
| class  | gts  | dets | recall | ap    |
+--------+------+------+--------+-------+
| Target | 3454 | 2594 | 0.135  | 0.076 |
+--------+------+------+--------+-------+
| mAP    |      |      |        | 0.076 |
+--------+------+------+--------+-------+
2026/05/26 18:17:28 - mmengine - INFO - 
---------------iou_thr: 0.5---------------
2026/05/26 18:17:29 - mmengine - INFO - 
+--------+------+-------+--------+-------+
| class  | gts  | dets  | recall | ap    |
+--------+------+-------+--------+-------+
| Target | 3454 | 11028 | 0.479  | 0.309 |
+--------+------+-------+--------+-------+
| mAP    |      |       |        | 0.309 |
+--------+------+-------+--------+-------+
2026/05/26 18:17:29 - mmengine - INFO - Epoch(val) [15][256/256]    global_voc/mAP: 0.2936  global_voc/AP50: 0.2940  raw_cluster_voc/mAP: 0.0909  raw_cluster_voc/AP50: 0.0910  refined_cluster_voc/mAP: 0.0909  refined_cluster_voc/AP50: 0.0910  local_voc/mAP: 0.0765  local_voc/AP50: 0.0760  merged_voc/mAP: 0.3088  merged_voc/AP50: 0.3090  data_time: 0.0027  time: 0.0767
2026/05/26 18:17:29 - mmengine - INFO - [SynWarmupSupGRPOStageHook] mode=train epoch=15 stage=refiner_supervised
2026/05/26 18:17:31 - mmengine - INFO - Epoch(train) [16][ 50/384]  lr: 5.0000e-04  eta: 0:06:57  time: 0.0491  data_time: 0.0049  memory: 759  grad_norm: 0.0011  loss: 0.0381  cluster_loss_cls: 0.0902  global_loss_cls: 0.1596  global_loss_bbox: 0.5019  global_loss_centerness: 0.5772  refiner_sup_loss_box: 0.0381  refiner_sup_iou: 0.2944  refiner_sup_valid_ratio: 0.2941  refiner_sup_num_valid: 5.0000  refiner_sup_template_iou: 0.1649
2026/05/26 18:17:34 - mmengine - INFO - Epoch(train) [16][100/384]  lr: 5.0000e-04  eta: 0:06:51  time: 0.0545  data_time: 0.0049  memory: 662  grad_norm: 0.0010  loss: 0.0414  cluster_loss_cls: 0.0902  global_loss_cls: 0.1596  global_loss_bbox: 0.5019  global_loss_centerness: 0.5772  refiner_sup_loss_box: 0.0414  refiner_sup_iou: 0.2425  refiner_sup_valid_ratio: 0.2000  refiner_sup_num_valid: 3.0000  refiner_sup_template_iou: 0.1141
2026/05/26 18:17:37 - mmengine - INFO - Epoch(train) [16][150/384]  lr: 5.0000e-04  eta: 0:06:46  time: 0.0555  data_time: 0.0052  memory: 662  grad_norm: 0.0010  loss: 0.0370  cluster_loss_cls: 0.0902  global_loss_cls: 0.1596  global_loss_bbox: 0.5019  global_loss_centerness: 0.5772  refiner_sup_loss_box: 0.0370  refiner_sup_iou: 0.3156  refiner_sup_valid_ratio: 0.2308  refiner_sup_num_valid: 3.0000  refiner_sup_template_iou: 0.0860
2026/05/26 18:17:39 - mmengine - INFO - Epoch(train) [16][200/384]  lr: 5.0000e-04  eta: 0:06:40  time: 0.0533  data_time: 0.0051  memory: 662  grad_norm: 0.0010  loss: 0.0359  cluster_loss_cls: 0.0902  global_loss_cls: 0.1596  global_loss_bbox: 0.5019  global_loss_centerness: 0.5772  refiner_sup_loss_box: 0.0359  refiner_sup_iou: 0.2842  refiner_sup_valid_ratio: 0.4444  refiner_sup_num_valid: 4.0000  refiner_sup_template_iou: 0.1599
2026/05/26 18:17:42 - mmengine - INFO - Exp name: adascope_20260526_180129
2026/05/26 18:17:42 - mmengine - INFO - Epoch(train) [16][250/384]  lr: 5.0000e-04  eta: 0:06:35  time: 0.0599  data_time: 0.0081  memory: 662  grad_norm: 0.0009  loss: 0.0362  cluster_loss_cls: 0.0902  global_loss_cls: 0.1596  global_loss_bbox: 0.5019  global_loss_centerness: 0.5772  refiner_sup_loss_box: 0.0362  refiner_sup_iou: 0.2890  refiner_sup_valid_ratio: 0.4000  refiner_sup_num_valid: 6.0000  refiner_sup_template_iou: 0.1701
2026/05/26 18:17:45 - mmengine - INFO - Epoch(train) [16][300/384]  lr: 5.0000e-04  eta: 0:06:30  time: 0.0579  data_time: 0.0051  memory: 662  grad_norm: 0.0010  loss: 0.0411  cluster_loss_cls: 0.0902  global_loss_cls: 0.1596  global_loss_bbox: 0.5019  global_loss_centerness: 0.5772  refiner_sup_loss_box: 0.0411  refiner_sup_iou: 0.1880  refiner_sup_valid_ratio: 0.3333  refiner_sup_num_valid: 3.0000  refiner_sup_template_iou: 0.1873
2026/05/26 18:17:48 - mmengine - INFO - Epoch(train) [16][350/384]  lr: 5.0000e-04  eta: 0:06:25  time: 0.0565  data_time: 0.0050  memory: 662  grad_norm: 0.0010  loss: 0.0452  cluster_loss_cls: 0.0902  global_loss_cls: 0.1596  global_loss_bbox: 0.5019  global_loss_centerness: 0.5772  refiner_sup_loss_box: 0.0452  refiner_sup_iou: 0.3178  refiner_sup_valid_ratio: 0.3571  refiner_sup_num_valid: 5.0000  refiner_sup_template_iou: 0.1899
2026/05/26 18:17:50 - mmengine - INFO - Exp name: adascope_20260526_180129
2026/05/26 18:17:50 - mmengine - INFO - Saving checkpoint at 16 epochs
2026/05/26 18:17:55 - mmengine - INFO - [SynWarmupSupGRPOStageHook] mode=val epoch=16 stage=refiner_supervised
2026/05/26 18:17:59 - mmengine - INFO - Epoch(val) [16][ 50/256]    eta: 0:00:15  time: 0.0740  data_time: 0.0032  memory: 856  
2026/05/26 18:18:02 - mmengine - INFO - Epoch(val) [16][100/256]    eta: 0:00:11  time: 0.0713  data_time: 0.0023  memory: 807  
2026/05/26 18:18:06 - mmengine - INFO - Epoch(val) [16][150/256]    eta: 0:00:07  time: 0.0692  data_time: 0.0023  memory: 807  
2026/05/26 18:18:09 - mmengine - INFO - Epoch(val) [16][200/256]    eta: 0:00:04  time: 0.0716  data_time: 0.0023  memory: 807  
2026/05/26 18:18:13 - mmengine - INFO - Epoch(val) [16][250/256]    eta: 0:00:00  time: 0.0716  data_time: 0.0023  memory: 807  
2026/05/26 18:18:13 - mmengine - INFO - 
---------------iou_thr: 0.5---------------
2026/05/26 18:18:14 - mmengine - INFO - 
+--------+------+------+--------+-------+
| class  | gts  | dets | recall | ap    |
+--------+------+------+--------+-------+
| Target | 3454 | 8522 | 0.350  | 0.294 |
+--------+------+------+--------+-------+
| mAP    |      |      |        | 0.294 |
+--------+------+------+--------+-------+
2026/05/26 18:18:14 - mmengine - INFO - 
---------------iou_thr: 0.5---------------
2026/05/26 18:18:14 - mmengine - INFO - 
+--------+-----+------+--------+-------+
| class  | gts | dets | recall | ap    |
+--------+-----+------+--------+-------+
| Target | 625 | 1806 | 0.029  | 0.091 |
+--------+-----+------+--------+-------+
| mAP    |     |      |        | 0.091 |
+--------+-----+------+--------+-------+
2026/05/26 18:18:14 - mmengine - INFO - 
---------------iou_thr: 0.5---------------
2026/05/26 18:18:14 - mmengine - INFO - 
+--------+-----+------+--------+-------+
| class  | gts | dets | recall | ap    |
+--------+-----+------+--------+-------+
| Target | 625 | 1806 | 0.030  | 0.091 |
+--------+-----+------+--------+-------+
| mAP    |     |      |        | 0.091 |
+--------+-----+------+--------+-------+
2026/05/26 18:18:14 - mmengine - INFO - 
---------------iou_thr: 0.5---------------
2026/05/26 18:18:14 - mmengine - INFO - 
+--------+------+------+--------+-------+
| class  | gts  | dets | recall | ap    |
+--------+------+------+--------+-------+
| Target | 3454 | 2622 | 0.136  | 0.078 |
+--------+------+------+--------+-------+
| mAP    |      |      |        | 0.078 |
+--------+------+------+--------+-------+
2026/05/26 18:18:14 - mmengine - INFO - 
---------------iou_thr: 0.5---------------
2026/05/26 18:18:15 - mmengine - INFO - 
+--------+------+-------+--------+-------+
| class  | gts  | dets  | recall | ap    |
+--------+------+-------+--------+-------+
| Target | 3454 | 11051 | 0.479  | 0.309 |
+--------+------+-------+--------+-------+
| mAP    |      |       |        | 0.309 |
+--------+------+-------+--------+-------+
2026/05/26 18:18:15 - mmengine - INFO - Epoch(val) [16][256/256]    global_voc/mAP: 0.2936  global_voc/AP50: 0.2940  raw_cluster_voc/mAP: 0.0909  raw_cluster_voc/AP50: 0.0910  refined_cluster_voc/mAP: 0.0909  refined_cluster_voc/AP50: 0.0910  local_voc/mAP: 0.0777  local_voc/AP50: 0.0780  merged_voc/mAP: 0.3089  merged_voc/AP50: 0.3090  data_time: 0.0025  time: 0.0715
2026/05/26 18:18:15 - mmengine - INFO - [SynWarmupSupGRPOStageHook] mode=train epoch=16 stage=grpo
2026/05/26 18:18:46 - mmengine - INFO - Epoch(train) [17][ 50/384]  lr: 5.0000e-04  eta: 0:06:37  time: 0.6168  data_time: 0.0081  memory: 1525  grad_norm: 0.0787  loss: -0.0022  cluster_loss_cls: 0.0902  global_loss_cls: 0.1596  global_loss_bbox: 0.5019  global_loss_centerness: 0.5772  refiner_sup_loss_box: 0.0501  refiner_sup_iou: 0.3056  refiner_sup_valid_ratio: 0.2500  refiner_sup_num_valid: 2.0000  refiner_sup_template_iou: 0.0943  grpo_loss_policy: -0.0000  grpo_loss_entropy: -0.0022  grpo_loss_kl: 0.0000  grpo_reward_mean: 0.5764  grpo_ratio_mean: 1.0000  grpo_clipfrac: 0.0000  grpo_approx_kl: 0.0000  grpo_approx_kl_raw: 0.0000  grpo_det_gain_mean: 0.4642  grpo_cover_gain_mean: 0.2006  grpo_cover_penalty_mean: 0.0000  grpo_area_penalty_mean: 0.6924  grpo_count_gain_mean: 0.7073  grpo_purity_gain_mean: 0.1954  grpo_leak_gain_mean: -0.1009  grpo_loss_shift_reg: 0.0000  grpo_loss_margin_reg: 0.0000  grpo_loss_cover_reg: 0.0000  grpo_loss_area_reg: 0.0000  grpo_loss_shift_mag: 0.0000  grpo_loss_margin_mag: 0.0000
2026/05/26 18:19:16 - mmengine - INFO - Epoch(train) [17][100/384]  lr: 5.0000e-04  eta: 0:06:51  time: 0.6114  data_time: 0.0072  memory: 1525  grad_norm: 0.0728  loss: -0.0022  cluster_loss_cls: 0.0902  global_loss_cls: 0.1596  global_loss_bbox: 0.5019  global_loss_centerness: 0.5772  refiner_sup_loss_box: 0.0501  refiner_sup_iou: 0.3056  refiner_sup_valid_ratio: 0.2500  refiner_sup_num_valid: 2.0000  refiner_sup_template_iou: 0.0943  grpo_loss_policy: -0.0000  grpo_loss_entropy: -0.0021  grpo_loss_kl: 0.0000  grpo_reward_mean: 0.1660  grpo_ratio_mean: 1.0000  grpo_clipfrac: 0.0000  grpo_approx_kl: 0.0000  grpo_approx_kl_raw: 0.0000  grpo_det_gain_mean: 0.1306  grpo_cover_gain_mean: 0.2849  grpo_cover_penalty_mean: 0.0000  grpo_area_penalty_mean: 0.5918  grpo_count_gain_mean: -0.3765  grpo_purity_gain_mean: 0.0000  grpo_leak_gain_mean: 0.0000  grpo_loss_shift_reg: 0.0000  grpo_loss_margin_reg: 0.0000  grpo_loss_cover_reg: 0.0000  grpo_loss_area_reg: 0.0000  grpo_loss_shift_mag: 0.0000  grpo_loss_margin_mag: 0.0000
2026/05/26 18:19:48 - mmengine - INFO - Epoch(train) [17][150/384]  lr: 5.0000e-04  eta: 0:07:06  time: 0.6292  data_time: 0.0077  memory: 1525  grad_norm: 0.0729  loss: -0.0022  cluster_loss_cls: 0.0902  global_loss_cls: 0.1596  global_loss_bbox: 0.5019  global_loss_centerness: 0.5772  refiner_sup_loss_box: 0.0501  refiner_sup_iou: 0.3056  refiner_sup_valid_ratio: 0.2500  refiner_sup_num_valid: 2.0000  refiner_sup_template_iou: 0.0943  grpo_loss_policy: -0.0000  grpo_loss_entropy: -0.0022  grpo_loss_kl: 0.0000  grpo_reward_mean: 0.4448  grpo_ratio_mean: 1.0000  grpo_clipfrac: 0.0000  grpo_approx_kl: 0.0000  grpo_approx_kl_raw: 0.0000  grpo_det_gain_mean: 0.3445  grpo_cover_gain_mean: 0.3291  grpo_cover_penalty_mean: 0.0001  grpo_area_penalty_mean: 0.1244  grpo_count_gain_mean: 0.6515  grpo_purity_gain_mean: 0.1855  grpo_leak_gain_mean: -0.0076  grpo_loss_shift_reg: 0.0000  grpo_loss_margin_reg: 0.0000  grpo_loss_cover_reg: 0.0000  grpo_loss_area_reg: 0.0000  grpo_loss_shift_mag: 0.0000  grpo_loss_margin_mag: 0.0000
2026/05/26 18:20:18 - mmengine - INFO - Epoch(train) [17][200/384]  lr: 5.0000e-04  eta: 0:07:19  time: 0.6145  data_time: 0.0074  memory: 1525  grad_norm: 0.0788  loss: -0.0022  cluster_loss_cls: 0.0902  global_loss_cls: 0.1596  global_loss_bbox: 0.5019  global_loss_centerness: 0.5772  refiner_sup_loss_box: 0.0501  refiner_sup_iou: 0.3056  refiner_sup_valid_ratio: 0.2500  refiner_sup_num_valid: 2.0000  refiner_sup_template_iou: 0.0943  grpo_loss_policy: -0.0000  grpo_loss_entropy: -0.0021  grpo_loss_kl: 0.0000  grpo_reward_mean: 0.0303  grpo_ratio_mean: 1.0000  grpo_clipfrac: 0.0000  grpo_approx_kl: 0.0000  grpo_approx_kl_raw: 0.0000  grpo_det_gain_mean: 0.0209  grpo_cover_gain_mean: 0.1826  grpo_cover_penalty_mean: 0.0005  grpo_area_penalty_mean: 0.2719  grpo_count_gain_mean: -0.2692  grpo_purity_gain_mean: -0.2837  grpo_leak_gain_mean: -0.2647  grpo_loss_shift_reg: 0.0000  grpo_loss_margin_reg: 0.0000  grpo_loss_cover_reg: 0.0000  grpo_loss_area_reg: 0.0000  grpo_loss_shift_mag: 0.0000  grpo_loss_margin_mag: 0.0000
2026/05/26 18:20:50 - mmengine - INFO - Epoch(train) [17][250/384]  lr: 5.0000e-04  eta: 0:07:32  time: 0.6252  data_time: 0.0073  memory: 1525  grad_norm: 0.0822  loss: -0.0022  cluster_loss_cls: 0.0902  global_loss_cls: 0.1596  global_loss_bbox: 0.5019  global_loss_centerness: 0.5772  refiner_sup_loss_box: 0.0501  refiner_sup_iou: 0.3056  refiner_sup_valid_ratio: 0.2500  refiner_sup_num_valid: 2.0000  refiner_sup_template_iou: 0.0943  grpo_loss_policy: -0.0000  grpo_loss_entropy: -0.0021  grpo_loss_kl: 0.0000  grpo_reward_mean: 0.3306  grpo_ratio_mean: 1.0000  grpo_clipfrac: 0.0000  grpo_approx_kl: 0.0000  grpo_approx_kl_raw: 0.0000  grpo_det_gain_mean: 0.2544  grpo_cover_gain_mean: 0.2402  grpo_cover_penalty_mean: 0.0006  grpo_area_penalty_mean: 0.0000  grpo_count_gain_mean: 0.3283  grpo_purity_gain_mean: -0.0466  grpo_leak_gain_mean: -0.1368  grpo_loss_shift_reg: 0.0000  grpo_loss_margin_reg: 0.0000  grpo_loss_cover_reg: 0.0000  grpo_loss_area_reg: 0.0000  grpo_loss_shift_mag: 0.0000  grpo_loss_margin_mag: 0.0000
2026/05/26 18:21:20 - mmengine - INFO - Epoch(train) [17][300/384]  lr: 5.0000e-04  eta: 0:07:44  time: 0.6151  data_time: 0.0083  memory: 1525  grad_norm: 0.0665  loss: -0.0022  cluster_loss_cls: 0.0902  global_loss_cls: 0.1596  global_loss_bbox: 0.5019  global_loss_centerness: 0.5772  refiner_sup_loss_box: 0.0501  refiner_sup_iou: 0.3056  refiner_sup_valid_ratio: 0.2500  refiner_sup_num_valid: 2.0000  refiner_sup_template_iou: 0.0943  grpo_loss_policy: -0.0000  grpo_loss_entropy: -0.0021  grpo_loss_kl: 0.0000  grpo_reward_mean: 0.0897  grpo_ratio_mean: 1.0000  grpo_clipfrac: 0.0000  grpo_approx_kl: 0.0000  grpo_approx_kl_raw: 0.0000  grpo_det_gain_mean: 0.0716  grpo_cover_gain_mean: 0.1117  grpo_cover_penalty_mean: 0.0038  grpo_area_penalty_mean: 0.2859  grpo_count_gain_mean: 0.0519  grpo_purity_gain_mean: -0.1063  grpo_leak_gain_mean: -0.1907  grpo_loss_shift_reg: 0.0000  grpo_loss_margin_reg: 0.0000  grpo_loss_cover_reg: 0.0000  grpo_loss_area_reg: 0.0000  grpo_loss_shift_mag: 0.0000  grpo_loss_margin_mag: 0.0000
2026/05/26 18:21:52 - mmengine - INFO - Epoch(train) [17][350/384]  lr: 5.0000e-04  eta: 0:07:56  time: 0.6289  data_time: 0.0077  memory: 1525  grad_norm: 0.0672  loss: -0.0022  cluster_loss_cls: 0.0902  global_loss_cls: 0.1596  global_loss_bbox: 0.5019  global_loss_centerness: 0.5772  refiner_sup_loss_box: 0.0501  refiner_sup_iou: 0.3056  refiner_sup_valid_ratio: 0.2500  refiner_sup_num_valid: 2.0000  refiner_sup_template_iou: 0.0943  grpo_loss_policy: -0.0000  grpo_loss_entropy: -0.0022  grpo_loss_kl: 0.0000  grpo_reward_mean: 0.0565  grpo_ratio_mean: 1.0000  grpo_clipfrac: 0.0000  grpo_approx_kl: 0.0000  grpo_approx_kl_raw: 0.0000  grpo_det_gain_mean: 0.0390  grpo_cover_gain_mean: 0.2375  grpo_cover_penalty_mean: 0.0000  grpo_area_penalty_mean: 0.2232  grpo_count_gain_mean: 0.0498  grpo_purity_gain_mean: -0.1303  grpo_leak_gain_mean: -0.3563  grpo_loss_shift_reg: 0.0000  grpo_loss_margin_reg: 0.0000  grpo_loss_cover_reg: 0.0000  grpo_loss_area_reg: 0.0000  grpo_loss_shift_mag: 0.0000  grpo_loss_margin_mag: 0.0000
2026/05/26 18:22:13 - mmengine - INFO - Exp name: adascope_20260526_180129
2026/05/26 18:22:13 - mmengine - INFO - Saving checkpoint at 17 epochs
2026/05/26 18:22:18 - mmengine - INFO - [SynWarmupSupGRPOStageHook] mode=val epoch=17 stage=grpo
2026/05/26 18:22:23 - mmengine - INFO - Epoch(val) [17][ 50/256]    eta: 0:00:21  time: 0.1024  data_time: 0.0032  memory: 1525  
2026/05/26 18:22:28 - mmengine - INFO - Epoch(val) [17][100/256]    eta: 0:00:15  time: 0.0991  data_time: 0.0023  memory: 817  
2026/05/26 18:22:33 - mmengine - INFO - Epoch(val) [17][150/256]    eta: 0:00:10  time: 0.1014  data_time: 0.0024  memory: 817  
2026/05/26 18:22:38 - mmengine - INFO - Epoch(val) [17][200/256]    eta: 0:00:05  time: 0.1004  data_time: 0.0022  memory: 817  
2026/05/26 18:22:43 - mmengine - INFO - Epoch(val) [17][250/256]    eta: 0:00:00  time: 0.1000  data_time: 0.0022  memory: 817  
2026/05/26 18:22:44 - mmengine - INFO - 
---------------iou_thr: 0.5---------------
2026/05/26 18:22:44 - mmengine - INFO - 
+--------+------+------+--------+-------+
| class  | gts  | dets | recall | ap    |
+--------+------+------+--------+-------+
| Target | 3454 | 8522 | 0.350  | 0.294 |
+--------+------+------+--------+-------+
| mAP    |      |      |        | 0.294 |
+--------+------+------+--------+-------+
2026/05/26 18:22:44 - mmengine - INFO - 
---------------iou_thr: 0.5---------------
2026/05/26 18:22:44 - mmengine - INFO - 
+--------+-----+------+--------+-------+
| class  | gts | dets | recall | ap    |
+--------+-----+------+--------+-------+
| Target | 625 | 1806 | 0.029  | 0.091 |
+--------+-----+------+--------+-------+
| mAP    |     |      |        | 0.091 |
+--------+-----+------+--------+-------+
2026/05/26 18:22:44 - mmengine - INFO - 
---------------iou_thr: 0.5---------------
2026/05/26 18:22:45 - mmengine - INFO - 
+--------+-----+------+--------+-------+
| class  | gts | dets | recall | ap    |
+--------+-----+------+--------+-------+
| Target | 625 | 1806 | 0.123  | 0.041 |
+--------+-----+------+--------+-------+
| mAP    |     |      |        | 0.041 |
+--------+-----+------+--------+-------+
2026/05/26 18:22:45 - mmengine - INFO - 
---------------iou_thr: 0.5---------------
2026/05/26 18:22:45 - mmengine - INFO - 
+--------+------+------+--------+-------+
| class  | gts  | dets | recall | ap    |
+--------+------+------+--------+-------+
| Target | 3454 | 7776 | 0.497  | 0.226 |
+--------+------+------+--------+-------+
| mAP    |      |      |        | 0.226 |
+--------+------+------+--------+-------+
2026/05/26 18:22:45 - mmengine - INFO - 
---------------iou_thr: 0.5---------------
2026/05/26 18:22:45 - mmengine - INFO - 
+--------+------+-------+--------+-------+
| class  | gts  | dets  | recall | ap    |
+--------+------+-------+--------+-------+
| Target | 3454 | 12792 | 0.681  | 0.402 |
+--------+------+-------+--------+-------+
| mAP    |      |       |        | 0.402 |
+--------+------+-------+--------+-------+
2026/05/26 18:22:45 - mmengine - INFO - Epoch(val) [17][256/256]    global_voc/mAP: 0.2936  global_voc/AP50: 0.2940  raw_cluster_voc/mAP: 0.0909  raw_cluster_voc/AP50: 0.0910  refined_cluster_voc/mAP: 0.0415  refined_cluster_voc/AP50: 0.0410  local_voc/mAP: 0.2258  local_voc/AP50: 0.2260  merged_voc/mAP: 0.4017  merged_voc/AP50: 0.4020  data_time: 0.0024  time: 0.1005
2026/05/26 18:22:45 - mmengine - INFO - The previous best checkpoint /root/data-tmp/BAFE-Net/work_dirs/adascope/best_merged_voc_mAP_epoch_12.pth is removed
2026/05/26 18:22:49 - mmengine - INFO - The best checkpoint with 0.4017 merged_voc/mAP at 17 epoch is saved to best_merged_voc_mAP_epoch_17.pth.
2026/05/26 18:22:55 - mmengine - INFO - [SynWarmupSupGRPOStageHook] mode=train epoch=17 stage=grpo
2026/05/26 18:23:25 - mmengine - INFO - Epoch(train) [18][ 50/384]  lr: 5.0000e-04  eta: 0:08:13  time: 0.6179  data_time: 0.0083  memory: 1525  grad_norm: 0.0687  loss: -0.0022  cluster_loss_cls: 0.0902  global_loss_cls: 0.1596  global_loss_bbox: 0.5019  global_loss_centerness: 0.5772  refiner_sup_loss_box: 0.0501  refiner_sup_iou: 0.3056  refiner_sup_valid_ratio: 0.2500  refiner_sup_num_valid: 2.0000  refiner_sup_template_iou: 0.0943  grpo_loss_policy: -0.0000  grpo_loss_entropy: -0.0021  grpo_loss_kl: 0.0000  grpo_reward_mean: 0.1936  grpo_ratio_mean: 1.0000  grpo_clipfrac: 0.0000  grpo_approx_kl: 0.0000  grpo_approx_kl_raw: 0.0000  grpo_det_gain_mean: 0.1567  grpo_cover_gain_mean: 0.2299  grpo_cover_penalty_mean: 0.0000  grpo_area_penalty_mean: 0.6938  grpo_count_gain_mean: -0.0491  grpo_purity_gain_mean: -0.0169  grpo_leak_gain_mean: -0.0450  grpo_loss_shift_reg: 0.0000  grpo_loss_margin_reg: 0.0000  grpo_loss_cover_reg: 0.0000  grpo_loss_area_reg: 0.0000  grpo_loss_shift_mag: 0.0000  grpo_loss_margin_mag: 0.0000
2026/05/26 18:23:57 - mmengine - INFO - Epoch(train) [18][100/384]  lr: 5.0000e-04  eta: 0:08:23  time: 0.6237  data_time: 0.0076  memory: 1525  grad_norm: 0.0821  loss: -0.0022  cluster_loss_cls: 0.0902  global_loss_cls: 0.1596  global_loss_bbox: 0.5019  global_loss_centerness: 0.5772  refiner_sup_loss_box: 0.0501  refiner_sup_iou: 0.3056  refiner_sup_valid_ratio: 0.2500  refiner_sup_num_valid: 2.0000  refiner_sup_template_iou: 0.0943  grpo_loss_policy: -0.0000  grpo_loss_entropy: -0.0021  grpo_loss_kl: 0.0000  grpo_reward_mean: 0.4748  grpo_ratio_mean: 1.0000  grpo_clipfrac: 0.0000  grpo_approx_kl: 0.0000  grpo_approx_kl_raw: 0.0000  grpo_det_gain_mean: 0.3777  grpo_cover_gain_mean: 0.2364  grpo_cover_penalty_mean: 0.0024  grpo_area_penalty_mean: 0.4833  grpo_count_gain_mean: 0.5564  grpo_purity_gain_mean: 0.1429  grpo_leak_gain_mean: 0.0000  grpo_loss_shift_reg: 0.0000  grpo_loss_margin_reg: 0.0000  grpo_loss_cover_reg: 0.0000  grpo_loss_area_reg: 0.0000  grpo_loss_shift_mag: 0.0000  grpo_loss_margin_mag: 0.0000
2026/05/26 18:24:28 - mmengine - INFO - Epoch(train) [18][150/384]  lr: 5.0000e-04  eta: 0:08:32  time: 0.6235  data_time: 0.0079  memory: 1525  grad_norm: 0.0740  loss: -0.0022  cluster_loss_cls: 0.0902  global_loss_cls: 0.1596  global_loss_bbox: 0.5019  global_loss_centerness: 0.5772  refiner_sup_loss_box: 0.0501  refiner_sup_iou: 0.3056  refiner_sup_valid_ratio: 0.2500  refiner_sup_num_valid: 2.0000  refiner_sup_template_iou: 0.0943  grpo_loss_policy: -0.0000  grpo_loss_entropy: -0.0021  grpo_loss_kl: 0.0000  grpo_reward_mean: 0.6098  grpo_ratio_mean: 1.0000  grpo_clipfrac: 0.0000  grpo_approx_kl: 0.0000  grpo_approx_kl_raw: 0.0000  grpo_det_gain_mean: 0.5029  grpo_cover_gain_mean: 0.4989  grpo_cover_penalty_mean: 0.0034  grpo_area_penalty_mean: 2.2005  grpo_count_gain_mean: 0.3601  grpo_purity_gain_mean: -0.0439  grpo_leak_gain_mean: -0.1168  grpo_loss_shift_reg: 0.0000  grpo_loss_margin_reg: 0.0000  grpo_loss_cover_reg: 0.0000  grpo_loss_area_reg: 0.0000  grpo_loss_shift_mag: 0.0000  grpo_loss_margin_mag: 0.0000
2026/05/26 18:24:59 - mmengine - INFO - Epoch(train) [18][200/384]  lr: 5.0000e-04  eta: 0:08:41  time: 0.6199  data_time: 0.0076  memory: 1525  grad_norm: 0.0736  loss: -0.0022  cluster_loss_cls: 0.0902  global_loss_cls: 0.1596  global_loss_bbox: 0.5019  global_loss_centerness: 0.5772  refiner_sup_loss_box: 0.0501  refiner_sup_iou: 0.3056  refiner_sup_valid_ratio: 0.2500  refiner_sup_num_valid: 2.0000  refiner_sup_template_iou: 0.0943  grpo_loss_policy: -0.0000  grpo_loss_entropy: -0.0022  grpo_loss_kl: 0.0000  grpo_reward_mean: 0.4610  grpo_ratio_mean: 1.0000  grpo_clipfrac: 0.0000  grpo_approx_kl: 0.0000  grpo_approx_kl_raw: 0.0000  grpo_det_gain_mean: 0.3594  grpo_cover_gain_mean: 0.3320  grpo_cover_penalty_mean: 0.0000  grpo_area_penalty_mean: 0.2388  grpo_count_gain_mean: 0.2985  grpo_purity_gain_mean: 0.1267  grpo_leak_gain_mean: -0.0196  grpo_loss_shift_reg: 0.0000  grpo_loss_margin_reg: 0.0000  grpo_loss_cover_reg: 0.0000  grpo_loss_area_reg: 0.0000  grpo_loss_shift_mag: 0.0000  grpo_loss_margin_mag: 0.0000
2026/05/26 18:25:31 - mmengine - INFO - Epoch(train) [18][250/384]  lr: 5.0000e-04  eta: 0:08:50  time: 0.6470  data_time: 0.0084  memory: 1525  grad_norm: 0.0706  loss: -0.0022  cluster_loss_cls: 0.0902  global_loss_cls: 0.1596  global_loss_bbox: 0.5019  global_loss_centerness: 0.5772  refiner_sup_loss_box: 0.0501  refiner_sup_iou: 0.3056  refiner_sup_valid_ratio: 0.2500  refiner_sup_num_valid: 2.0000  refiner_sup_template_iou: 0.0943  grpo_loss_policy: -0.0000  grpo_loss_entropy: -0.0022  grpo_loss_kl: 0.0000  grpo_reward_mean: 1.0143  grpo_ratio_mean: 1.0000  grpo_clipfrac: 0.0000  grpo_approx_kl: 0.0000  grpo_approx_kl_raw: 0.0000  grpo_det_gain_mean: 0.8209  grpo_cover_gain_mean: 0.3415  grpo_cover_penalty_mean: 0.0001  grpo_area_penalty_mean: 1.4661  grpo_count_gain_mean: 1.4185  grpo_purity_gain_mean: 0.3333  grpo_leak_gain_mean: 0.0000  grpo_loss_shift_reg: 0.0000  grpo_loss_margin_reg: 0.0000  grpo_loss_cover_reg: 0.0000  grpo_loss_area_reg: 0.0000  grpo_loss_shift_mag: 0.0000  grpo_loss_margin_mag: 0.0000
2026/05/26 18:26:02 - mmengine - INFO - Epoch(train) [18][300/384]  lr: 5.0000e-04  eta: 0:08:57  time: 0.6207  data_time: 0.0076  memory: 1525  grad_norm: 0.0848  loss: -0.0022  cluster_loss_cls: 0.0902  global_loss_cls: 0.1596  global_loss_bbox: 0.5019  global_loss_centerness: 0.5772  refiner_sup_loss_box: 0.0501  refiner_sup_iou: 0.3056  refiner_sup_valid_ratio: 0.2500  refiner_sup_num_valid: 2.0000  refiner_sup_template_iou: 0.0943  grpo_loss_policy: -0.0000  grpo_loss_entropy: -0.0021  grpo_loss_kl: 0.0000  grpo_reward_mean: 0.4058  grpo_ratio_mean: 1.0000  grpo_clipfrac: 0.0000  grpo_approx_kl: 0.0000  grpo_approx_kl_raw: 0.0000  grpo_det_gain_mean: 0.3235  grpo_cover_gain_mean: 0.3226  grpo_cover_penalty_mean: 0.0037  grpo_area_penalty_mean: 0.7461  grpo_count_gain_mean: 0.5309  grpo_purity_gain_mean: 0.0000  grpo_leak_gain_mean: 0.0000  grpo_loss_shift_reg: 0.0000  grpo_loss_margin_reg: 0.0000  grpo_loss_cover_reg: 0.0000  grpo_loss_area_reg: 0.0000  grpo_loss_shift_mag: 0.0000  grpo_loss_margin_mag: 0.0000
2026/05/26 18:26:33 - mmengine - INFO - Epoch(train) [18][350/384]  lr: 5.0000e-04  eta: 0:09:04  time: 0.6220  data_time: 0.0076  memory: 1525  grad_norm: 0.0863  loss: -0.0022  cluster_loss_cls: 0.0902  global_loss_cls: 0.1596  global_loss_bbox: 0.5019  global_loss_centerness: 0.5772  refiner_sup_loss_box: 0.0501  refiner_sup_iou: 0.3056  refiner_sup_valid_ratio: 0.2500  refiner_sup_num_valid: 2.0000  refiner_sup_template_iou: 0.0943  grpo_loss_policy: -0.0000  grpo_loss_entropy: -0.0021  grpo_loss_kl: 0.0000  grpo_reward_mean: 0.5918  grpo_ratio_mean: 1.0000  grpo_clipfrac: 0.0000  grpo_approx_kl: 0.0000  grpo_approx_kl_raw: 0.0000  grpo_det_gain_mean: 0.4711  grpo_cover_gain_mean: 0.1653  grpo_cover_penalty_mean: 0.0271  grpo_area_penalty_mean: 0.3164  grpo_count_gain_mean: 0.8645  grpo_purity_gain_mean: 0.6130  grpo_leak_gain_mean: -0.0141  grpo_loss_shift_reg: 0.0000  grpo_loss_margin_reg: 0.0000  grpo_loss_cover_reg: 0.0000  grpo_loss_area_reg: 0.0000  grpo_loss_shift_mag: 0.0000  grpo_loss_margin_mag: 0.0000
2026/05/26 18:26:54 - mmengine - INFO - Exp name: adascope_20260526_180129
2026/05/26 18:26:54 - mmengine - INFO - Saving checkpoint at 18 epochs
2026/05/26 18:26:59 - mmengine - INFO - [SynWarmupSupGRPOStageHook] mode=val epoch=18 stage=grpo
2026/05/26 18:27:04 - mmengine - INFO - Epoch(val) [18][ 50/256]    eta: 0:00:20  time: 0.1016  data_time: 0.0034  memory: 1525  
2026/05/26 18:27:09 - mmengine - INFO - Epoch(val) [18][100/256]    eta: 0:00:15  time: 0.0978  data_time: 0.0021  memory: 817  
2026/05/26 18:27:14 - mmengine - INFO - Epoch(val) [18][150/256]    eta: 0:00:10  time: 0.0995  data_time: 0.0023  memory: 817  
2026/05/26 18:27:19 - mmengine - INFO - Epoch(val) [18][200/256]    eta: 0:00:05  time: 0.1024  data_time: 0.0023  memory: 817  
2026/05/26 18:27:24 - mmengine - INFO - Epoch(val) [18][250/256]    eta: 0:00:00  time: 0.1040  data_time: 0.0023  memory: 817  
2026/05/26 18:27:25 - mmengine - INFO - 
---------------iou_thr: 0.5---------------
2026/05/26 18:27:25 - mmengine - INFO - 
+--------+------+------+--------+-------+
| class  | gts  | dets | recall | ap    |
+--------+------+------+--------+-------+
| Target | 3454 | 8522 | 0.350  | 0.294 |
+--------+------+------+--------+-------+
| mAP    |      |      |        | 0.294 |
+--------+------+------+--------+-------+
2026/05/26 18:27:25 - mmengine - INFO - 
---------------iou_thr: 0.5---------------
2026/05/26 18:27:26 - mmengine - INFO - 
+--------+-----+------+--------+-------+
| class  | gts | dets | recall | ap    |
+--------+-----+------+--------+-------+
| Target | 625 | 1806 | 0.029  | 0.091 |
+--------+-----+------+--------+-------+
| mAP    |     |      |        | 0.091 |
+--------+-----+------+--------+-------+
2026/05/26 18:27:26 - mmengine - INFO - 
---------------iou_thr: 0.5---------------
2026/05/26 18:27:26 - mmengine - INFO - 
+--------+-----+------+--------+-------+
| class  | gts | dets | recall | ap    |
+--------+-----+------+--------+-------+
| Target | 625 | 1806 | 0.123  | 0.041 |
+--------+-----+------+--------+-------+
| mAP    |     |      |        | 0.041 |
+--------+-----+------+--------+-------+
2026/05/26 18:27:26 - mmengine - INFO - 
---------------iou_thr: 0.5---------------
2026/05/26 18:27:26 - mmengine - INFO - 
+--------+------+------+--------+-------+
| class  | gts  | dets | recall | ap    |
+--------+------+------+--------+-------+
| Target | 3454 | 7776 | 0.497  | 0.226 |
+--------+------+------+--------+-------+
| mAP    |      |      |        | 0.226 |
+--------+------+------+--------+-------+
2026/05/26 18:27:26 - mmengine - INFO - 
---------------iou_thr: 0.5---------------
2026/05/26 18:27:26 - mmengine - INFO - 
+--------+------+-------+--------+-------+
| class  | gts  | dets  | recall | ap    |
+--------+------+-------+--------+-------+
| Target | 3454 | 12792 | 0.681  | 0.402 |
+--------+------+-------+--------+-------+
| mAP    |      |       |        | 0.402 |
+--------+------+-------+--------+-------+
2026/05/26 18:27:26 - mmengine - INFO - Epoch(val) [18][256/256]    global_voc/mAP: 0.2936  global_voc/AP50: 0.2940  raw_cluster_voc/mAP: 0.0909  raw_cluster_voc/AP50: 0.0910  refined_cluster_voc/mAP: 0.0415  refined_cluster_voc/AP50: 0.0410  local_voc/mAP: 0.2258  local_voc/AP50: 0.2260  merged_voc/mAP: 0.4017  merged_voc/AP50: 0.4020  data_time: 0.0025  time: 0.1010
2026/05/26 18:27:26 - mmengine - INFO - [SynWarmupSupGRPOStageHook] mode=train epoch=18 stage=grpo
2026/05/26 18:27:58 - mmengine - INFO - Epoch(train) [19][ 50/384]  lr: 5.0000e-04  eta: 0:09:14  time: 0.6273  data_time: 0.0082  memory: 1525  grad_norm: 0.0920  loss: -0.0022  cluster_loss_cls: 0.0902  global_loss_cls: 0.1596  global_loss_bbox: 0.5019  global_loss_centerness: 0.5772  refiner_sup_loss_box: 0.0501  refiner_sup_iou: 0.3056  refiner_sup_valid_ratio: 0.2500  refiner_sup_num_valid: 2.0000  refiner_sup_template_iou: 0.0943  grpo_loss_policy: -0.0000  grpo_loss_entropy: -0.0022  grpo_loss_kl: 0.0000  grpo_reward_mean: 0.3611  grpo_ratio_mean: 1.0000  grpo_clipfrac: 0.0000  grpo_approx_kl: 0.0000  grpo_approx_kl_raw: 0.0000  grpo_det_gain_mean: 0.2874  grpo_cover_gain_mean: 0.3648  grpo_cover_penalty_mean: 0.0000  grpo_area_penalty_mean: 0.8203  grpo_count_gain_mean: 0.2257  grpo_purity_gain_mean: 0.0000  grpo_leak_gain_mean: 0.0000  grpo_loss_shift_reg: 0.0000  grpo_loss_margin_reg: 0.0000  grpo_loss_cover_reg: 0.0000  grpo_loss_area_reg: 0.0000  grpo_loss_shift_mag: 0.0000  grpo_loss_margin_mag: 0.0000
2026/05/26 18:28:22 - mmengine - INFO - Exp name: adascope_20260526_180129
2026/05/26 18:28:30 - mmengine - INFO - Epoch(train) [19][100/384]  lr: 5.0000e-04  eta: 0:09:20  time: 0.6366  data_time: 0.0077  memory: 1525  grad_norm: 0.0912  loss: -0.0022  cluster_loss_cls: 0.0902  global_loss_cls: 0.1596  global_loss_bbox: 0.5019  global_loss_centerness: 0.5772  refiner_sup_loss_box: 0.0501  refiner_sup_iou: 0.3056  refiner_sup_valid_ratio: 0.2500  refiner_sup_num_valid: 2.0000  refiner_sup_template_iou: 0.0943  grpo_loss_policy: -0.0000  grpo_loss_entropy: -0.0021  grpo_loss_kl: 0.0000  grpo_reward_mean: 0.8055  grpo_ratio_mean: 1.0000  grpo_clipfrac: 0.0000  grpo_approx_kl: 0.0000  grpo_approx_kl_raw: 0.0000  grpo_det_gain_mean: 0.6339  grpo_cover_gain_mean: 0.4121  grpo_cover_penalty_mean: 0.0000  grpo_area_penalty_mean: 0.3733  grpo_count_gain_mean: 0.8782  grpo_purity_gain_mean: 0.5000  grpo_leak_gain_mean: 0.0000  grpo_loss_shift_reg: 0.0000  grpo_loss_margin_reg: 0.0000  grpo_loss_cover_reg: 0.0000  grpo_loss_area_reg: 0.0000  grpo_loss_shift_mag: 0.0000  grpo_loss_margin_mag: 0.0000
2026/05/26 18:29:01 - mmengine - INFO - Epoch(train) [19][150/384]  lr: 5.0000e-04  eta: 0:09:24  time: 0.6246  data_time: 0.0078  memory: 1525  grad_norm: 0.0873  loss: -0.0022  cluster_loss_cls: 0.0902  global_loss_cls: 0.1596  global_loss_bbox: 0.5019  global_loss_centerness: 0.5772  refiner_sup_loss_box: 0.0501  refiner_sup_iou: 0.3056  refiner_sup_valid_ratio: 0.2500  refiner_sup_num_valid: 2.0000  refiner_sup_template_iou: 0.0943  grpo_loss_policy: -0.0000  grpo_loss_entropy: -0.0021  grpo_loss_kl: 0.0000  grpo_reward_mean: 0.5180  grpo_ratio_mean: 1.0000  grpo_clipfrac: 0.0000  grpo_approx_kl: 0.0000  grpo_approx_kl_raw: 0.0000  grpo_det_gain_mean: 0.4047  grpo_cover_gain_mean: 0.3771  grpo_cover_penalty_mean: 0.0000  grpo_area_penalty_mean: 0.3366  grpo_count_gain_mean: 0.7722  grpo_purity_gain_mean: 0.4583  grpo_leak_gain_mean: 0.0000  grpo_loss_shift_reg: 0.0000  grpo_loss_margin_reg: 0.0000  grpo_loss_cover_reg: 0.0000  grpo_loss_area_reg: 0.0000  grpo_loss_shift_mag: 0.0000  grpo_loss_margin_mag: 0.0000
2026/05/26 18:29:32 - mmengine - INFO - Epoch(train) [19][200/384]  lr: 5.0000e-04  eta: 0:09:29  time: 0.6272  data_time: 0.0076  memory: 1525  grad_norm: 0.1058  loss: -0.0022  cluster_loss_cls: 0.0902  global_loss_cls: 0.1596  global_loss_bbox: 0.5019  global_loss_centerness: 0.5772  refiner_sup_loss_box: 0.0501  refiner_sup_iou: 0.3056  refiner_sup_valid_ratio: 0.2500  refiner_sup_num_valid: 2.0000  refiner_sup_template_iou: 0.0943  grpo_loss_policy: -0.0000  grpo_loss_entropy: -0.0021  grpo_loss_kl: 0.0000  grpo_reward_mean: 0.4951  grpo_ratio_mean: 1.0000  grpo_clipfrac: 0.0000  grpo_approx_kl: 0.0000  grpo_approx_kl_raw: 0.0000  grpo_det_gain_mean: 0.3876  grpo_cover_gain_mean: 0.3325  grpo_cover_penalty_mean: 0.0000  grpo_area_penalty_mean: 0.3047  grpo_count_gain_mean: 0.8376  grpo_purity_gain_mean: 0.1875  grpo_leak_gain_mean: 0.0000  grpo_loss_shift_reg: 0.0000  grpo_loss_margin_reg: 0.0000  grpo_loss_cover_reg: 0.0000  grpo_loss_area_reg: 0.0000  grpo_loss_shift_mag: 0.0000  grpo_loss_margin_mag: 0.0000
2026/05/26 18:30:04 - mmengine - INFO - Epoch(train) [19][250/384]  lr: 5.0000e-04  eta: 0:09:33  time: 0.6315  data_time: 0.0089  memory: 1525  grad_norm: 0.1058  loss: -0.0022  cluster_loss_cls: 0.0902  global_loss_cls: 0.1596  global_loss_bbox: 0.5019  global_loss_centerness: 0.5772  refiner_sup_loss_box: 0.0501  refiner_sup_iou: 0.3056  refiner_sup_valid_ratio: 0.2500  refiner_sup_num_valid: 2.0000  refiner_sup_template_iou: 0.0943  grpo_loss_policy: -0.0000  grpo_loss_entropy: -0.0021  grpo_loss_kl: 0.0000  grpo_reward_mean: 0.2015  grpo_ratio_mean: 1.0000  grpo_clipfrac: 0.0000  grpo_approx_kl: 0.0000  grpo_approx_kl_raw: 0.0000  grpo_det_gain_mean: 0.1612  grpo_cover_gain_mean: 0.0000  grpo_cover_penalty_mean: 0.0000  grpo_area_penalty_mean: 0.0000  grpo_count_gain_mean: 0.7618  grpo_purity_gain_mean: 0.0000  grpo_leak_gain_mean: 0.0000  grpo_loss_shift_reg: 0.0000  grpo_loss_margin_reg: 0.0000  grpo_loss_cover_reg: 0.0000  grpo_loss_area_reg: 0.0000  grpo_loss_shift_mag: 0.0000  grpo_loss_margin_mag: 0.0000
2026/05/26 18:30:35 - mmengine - INFO - Epoch(train) [19][300/384]  lr: 5.0000e-04  eta: 0:09:36  time: 0.6228  data_time: 0.0076  memory: 1525  grad_norm: 0.1443  loss: -0.0022  cluster_loss_cls: 0.0902  global_loss_cls: 0.1596  global_loss_bbox: 0.5019  global_loss_centerness: 0.5772  refiner_sup_loss_box: 0.0501  refiner_sup_iou: 0.3056  refiner_sup_valid_ratio: 0.2500  refiner_sup_num_valid: 2.0000  refiner_sup_template_iou: 0.0943  grpo_loss_policy: -0.0000  grpo_loss_entropy: -0.0021  grpo_loss_kl: 0.0000  grpo_reward_mean: 0.6380  grpo_ratio_mean: 1.0000  grpo_clipfrac: 0.0000  grpo_approx_kl: 0.0000  grpo_approx_kl_raw: 0.0000  grpo_det_gain_mean: 0.5140  grpo_cover_gain_mean: 0.3673  grpo_cover_penalty_mean: 0.0000  grpo_area_penalty_mean: 1.1484  grpo_count_gain_mean: 0.4500  grpo_purity_gain_mean: 0.0000  grpo_leak_gain_mean: 0.0000  grpo_loss_shift_reg: 0.0000  grpo_loss_margin_reg: 0.0000  grpo_loss_cover_reg: 0.0000  grpo_loss_area_reg: 0.0000  grpo_loss_shift_mag: 0.0000  grpo_loss_margin_mag: 0.0000
2026/05/26 18:31:06 - mmengine - INFO - Epoch(train) [19][350/384]  lr: 5.0000e-04  eta: 0:09:39  time: 0.6266  data_time: 0.0071  memory: 1525  grad_norm: 0.1402  loss: -0.0022  cluster_loss_cls: 0.0902  global_loss_cls: 0.1596  global_loss_bbox: 0.5019  global_loss_centerness: 0.5772  refiner_sup_loss_box: 0.0501  refiner_sup_iou: 0.3056  refiner_sup_valid_ratio: 0.2500  refiner_sup_num_valid: 2.0000  refiner_sup_template_iou: 0.0943  grpo_loss_policy: -0.0000  grpo_loss_entropy: -0.0022  grpo_loss_kl: 0.0000  grpo_reward_mean: 0.0662  grpo_ratio_mean: 1.0000  grpo_clipfrac: 0.0000  grpo_approx_kl: 0.0000  grpo_approx_kl_raw: 0.0000  grpo_det_gain_mean: 0.0427  grpo_cover_gain_mean: 0.2609  grpo_cover_penalty_mean: 0.0000  grpo_area_penalty_mean: 0.0205  grpo_count_gain_mean: -0.0017  grpo_purity_gain_mean: 0.0625  grpo_leak_gain_mean: 0.0000  grpo_loss_shift_reg: 0.0000  grpo_loss_margin_reg: 0.0000  grpo_loss_cover_reg: 0.0000  grpo_loss_area_reg: 0.0000  grpo_loss_shift_mag: 0.0000  grpo_loss_margin_mag: 0.0000
2026/05/26 18:31:28 - mmengine - INFO - Exp name: adascope_20260526_180129
2026/05/26 18:31:28 - mmengine - INFO - Saving checkpoint at 19 epochs
2026/05/26 18:31:33 - mmengine - INFO - [SynWarmupSupGRPOStageHook] mode=val epoch=19 stage=grpo
2026/05/26 18:31:38 - mmengine - INFO - Epoch(val) [19][ 50/256]    eta: 0:00:21  time: 0.1038  data_time: 0.0031  memory: 1525  
2026/05/26 18:31:43 - mmengine - INFO - Epoch(val) [19][100/256]    eta: 0:00:16  time: 0.1053  data_time: 0.0025  memory: 817  
2026/05/26 18:31:48 - mmengine - INFO - Epoch(val) [19][150/256]    eta: 0:00:11  time: 0.1057  data_time: 0.0023  memory: 817  
2026/05/26 18:31:54 - mmengine - INFO - Epoch(val) [19][200/256]    eta: 0:00:05  time: 0.1034  data_time: 0.0024  memory: 817  
2026/05/26 18:31:59 - mmengine - INFO - Epoch(val) [19][250/256]    eta: 0:00:00  time: 0.1091  data_time: 0.0024  memory: 817  
2026/05/26 18:32:00 - mmengine - INFO - 
---------------iou_thr: 0.5---------------
2026/05/26 18:32:00 - mmengine - INFO - 
+--------+------+------+--------+-------+
| class  | gts  | dets | recall | ap    |
+--------+------+------+--------+-------+
| Target | 3454 | 8522 | 0.350  | 0.294 |
+--------+------+------+--------+-------+
| mAP    |      |      |        | 0.294 |
+--------+------+------+--------+-------+
2026/05/26 18:32:00 - mmengine - INFO - 
---------------iou_thr: 0.5---------------
2026/05/26 18:32:00 - mmengine - INFO - 
+--------+-----+------+--------+-------+
| class  | gts | dets | recall | ap    |
+--------+-----+------+--------+-------+
| Target | 625 | 1806 | 0.029  | 0.091 |
+--------+-----+------+--------+-------+
| mAP    |     |      |        | 0.091 |
+--------+-----+------+--------+-------+
2026/05/26 18:32:00 - mmengine - INFO - 
---------------iou_thr: 0.5---------------
2026/05/26 18:32:01 - mmengine - INFO - 
+--------+-----+------+--------+-------+
| class  | gts | dets | recall | ap    |
+--------+-----+------+--------+-------+
| Target | 625 | 1806 | 0.123  | 0.041 |
+--------+-----+------+--------+-------+
| mAP    |     |      |        | 0.041 |
+--------+-----+------+--------+-------+
2026/05/26 18:32:01 - mmengine - INFO - 
---------------iou_thr: 0.5---------------
2026/05/26 18:32:01 - mmengine - INFO - 
+--------+------+------+--------+-------+
| class  | gts  | dets | recall | ap    |
+--------+------+------+--------+-------+
| Target | 3454 | 7776 | 0.497  | 0.226 |
+--------+------+------+--------+-------+
| mAP    |      |      |        | 0.226 |
+--------+------+------+--------+-------+
2026/05/26 18:32:01 - mmengine - INFO - 
---------------iou_thr: 0.5---------------
2026/05/26 18:32:01 - mmengine - INFO - 
+--------+------+-------+--------+-------+
| class  | gts  | dets  | recall | ap    |
+--------+------+-------+--------+-------+
| Target | 3454 | 12792 | 0.681  | 0.402 |
+--------+------+-------+--------+-------+
| mAP    |      |       |        | 0.402 |
+--------+------+-------+--------+-------+
2026/05/26 18:32:01 - mmengine - INFO - Epoch(val) [19][256/256]    global_voc/mAP: 0.2936  global_voc/AP50: 0.2940  raw_cluster_voc/mAP: 0.0909  raw_cluster_voc/AP50: 0.0910  refined_cluster_voc/mAP: 0.0415  refined_cluster_voc/AP50: 0.0410  local_voc/mAP: 0.2258  local_voc/AP50: 0.2260  merged_voc/mAP: 0.4017  merged_voc/AP50: 0.4020  data_time: 0.0025  time: 0.1054
2026/05/26 18:32:01 - mmengine - INFO - [SynWarmupSupGRPOStageHook] mode=train epoch=19 stage=grpo
2026/05/26 18:32:34 - mmengine - INFO - Epoch(train) [20][ 50/384]  lr: 5.0000e-04  eta: 0:09:44  time: 0.6489  data_time: 0.0081  memory: 1525  grad_norm: 0.2321  loss: -0.0023  cluster_loss_cls: 0.0902  global_loss_cls: 0.1596  global_loss_bbox: 0.5019  global_loss_centerness: 0.5772  refiner_sup_loss_box: 0.0501  refiner_sup_iou: 0.3056  refiner_sup_valid_ratio: 0.2500  refiner_sup_num_valid: 2.0000  refiner_sup_template_iou: 0.0943  grpo_loss_policy: -0.0001  grpo_loss_entropy: -0.0022  grpo_loss_kl: 0.0000  grpo_reward_mean: 0.7591  grpo_ratio_mean: 0.9999  grpo_clipfrac: 0.0000  grpo_approx_kl: 0.0000  grpo_approx_kl_raw: 0.0000  grpo_det_gain_mean: 0.6072  grpo_cover_gain_mean: 0.3182  grpo_cover_penalty_mean: 0.0381  grpo_area_penalty_mean: 0.8403  grpo_count_gain_mean: 1.2527  grpo_purity_gain_mean: 0.7500  grpo_leak_gain_mean: 0.0000  grpo_loss_shift_reg: 0.0000  grpo_loss_margin_reg: 0.0000  grpo_loss_cover_reg: 0.0000  grpo_loss_area_reg: 0.0000  grpo_loss_shift_mag: 0.0000  grpo_loss_margin_mag: 0.0000
2026/05/26 18:33:05 - mmengine - INFO - Epoch(train) [20][100/384]  lr: 5.0000e-04  eta: 0:09:46  time: 0.6253  data_time: 0.0075  memory: 1525  grad_norm: 0.4767  loss: -0.0024  cluster_loss_cls: 0.0902  global_loss_cls: 0.1596  global_loss_bbox: 0.5019  global_loss_centerness: 0.5772  refiner_sup_loss_box: 0.0501  refiner_sup_iou: 0.3056  refiner_sup_valid_ratio: 0.2500  refiner_sup_num_valid: 2.0000  refiner_sup_template_iou: 0.0943  grpo_loss_policy: -0.0002  grpo_loss_entropy: -0.0021  grpo_loss_kl: 0.0000  grpo_reward_mean: 0.1063  grpo_ratio_mean: 0.9999  grpo_clipfrac: 0.0000  grpo_approx_kl: 0.0000  grpo_approx_kl_raw: 0.0000  grpo_det_gain_mean: 0.0850  grpo_cover_gain_mean: -0.0352  grpo_cover_penalty_mean: 0.0000  grpo_area_penalty_mean: 0.0000  grpo_count_gain_mean: 0.3091  grpo_purity_gain_mean: 0.0000  grpo_leak_gain_mean: 0.0000  grpo_loss_shift_reg: 0.0000  grpo_loss_margin_reg: 0.0000  grpo_loss_cover_reg: 0.0000  grpo_loss_area_reg: 0.0000  grpo_loss_shift_mag: 0.0000  grpo_loss_margin_mag: 0.0000
2026/05/26 18:33:36 - mmengine - INFO - Epoch(train) [20][150/384]  lr: 5.0000e-04  eta: 0:09:47  time: 0.6249  data_time: 0.0078  memory: 1525  grad_norm: 1.1180  loss: -0.0034  cluster_loss_cls: 0.0902  global_loss_cls: 0.1596  global_loss_bbox: 0.5019  global_loss_centerness: 0.5772  refiner_sup_loss_box: 0.0501  refiner_sup_iou: 0.3056  refiner_sup_valid_ratio: 0.2500  refiner_sup_num_valid: 2.0000  refiner_sup_template_iou: 0.0943  grpo_loss_policy: -0.0012  grpo_loss_entropy: -0.0022  grpo_loss_kl: 0.0000  grpo_reward_mean: 0.0133  grpo_ratio_mean: 1.0008  grpo_clipfrac: 0.0000  grpo_approx_kl: 0.0000  grpo_approx_kl_raw: 0.0000  grpo_det_gain_mean: 0.0000  grpo_cover_gain_mean: 0.2652  grpo_cover_penalty_mean: 0.0000  grpo_area_penalty_mean: 0.0000  grpo_count_gain_mean: 0.0000  grpo_purity_gain_mean: 0.0000  grpo_leak_gain_mean: 0.0000  grpo_loss_shift_reg: 0.0000  grpo_loss_margin_reg: 0.0000  grpo_loss_cover_reg: 0.0000  grpo_loss_area_reg: 0.0000  grpo_loss_shift_mag: 0.0000  grpo_loss_margin_mag: 0.0000
2026/05/26 18:34:08 - mmengine - INFO - Epoch(train) [20][200/384]  lr: 5.0000e-04  eta: 0:09:48  time: 0.6324  data_time: 0.0079  memory: 1525  grad_norm: 4.9925  loss: -0.0164  cluster_loss_cls: 0.0902  global_loss_cls: 0.1596  global_loss_bbox: 0.5019  global_loss_centerness: 0.5772  refiner_sup_loss_box: 0.0501  refiner_sup_iou: 0.3056  refiner_sup_valid_ratio: 0.2500  refiner_sup_num_valid: 2.0000  refiner_sup_template_iou: 0.0943  grpo_loss_policy: -0.0144  grpo_loss_entropy: -0.0020  grpo_loss_kl: 0.0000  grpo_reward_mean: 0.8034  grpo_ratio_mean: 1.0080  grpo_clipfrac: 0.0250  grpo_approx_kl: 0.0000  grpo_approx_kl_raw: 0.0000  grpo_det_gain_mean: 0.6226  grpo_cover_gain_mean: 0.5037  grpo_cover_penalty_mean: 0.0000  grpo_area_penalty_mean: 0.0000  grpo_count_gain_mean: 0.7665  grpo_purity_gain_mean: 0.2000  grpo_leak_gain_mean: 0.0000  grpo_loss_shift_reg: 0.0000  grpo_loss_margin_reg: 0.0000  grpo_loss_cover_reg: 0.0000  grpo_loss_area_reg: 0.0000  grpo_loss_shift_mag: 0.0000  grpo_loss_margin_mag: 0.0000
2026/05/26 18:34:40 - mmengine - INFO - Epoch(train) [20][250/384]  lr: 5.0000e-04  eta: 0:09:48  time: 0.6312  data_time: 0.0076  memory: 1525  grad_norm: 1.1171  loss: -0.0114  cluster_loss_cls: 0.0902  global_loss_cls: 0.1596  global_loss_bbox: 0.5019  global_loss_centerness: 0.5772  refiner_sup_loss_box: 0.0501  refiner_sup_iou: 0.3056  refiner_sup_valid_ratio: 0.2500  refiner_sup_num_valid: 2.0000  refiner_sup_template_iou: 0.0943  grpo_loss_policy: -0.0106  grpo_loss_entropy: -0.0006  grpo_loss_kl: 0.0000  grpo_reward_mean: 0.7763  grpo_ratio_mean: 1.0002  grpo_clipfrac: 0.0000  grpo_approx_kl: 0.0000  grpo_approx_kl_raw: 0.0000  grpo_det_gain_mean: 0.6049  grpo_cover_gain_mean: 0.4022  grpo_cover_penalty_mean: 0.0000  grpo_area_penalty_mean: 0.0000  grpo_count_gain_mean: 0.8878  grpo_purity_gain_mean: 0.0000  grpo_leak_gain_mean: 0.0000  grpo_loss_shift_reg: 0.0000  grpo_loss_margin_reg: 0.0000  grpo_loss_cover_reg: 0.0000  grpo_loss_area_reg: 0.0000  grpo_loss_shift_mag: 0.0000  grpo_loss_margin_mag: 0.0000
2026/05/26 18:35:08 - mmengine - INFO - Epoch(train) [20][300/384]  lr: 5.0000e-04  eta: 0:09:47  time: 0.5740  data_time: 0.0066  memory: 1525  grad_norm: 0.3022  loss: -0.0008  cluster_loss_cls: 0.0902  global_loss_cls: 0.1596  global_loss_bbox: 0.5019  global_loss_centerness: 0.5772  refiner_sup_loss_box: 0.0501  refiner_sup_iou: 0.3056  refiner_sup_valid_ratio: 0.2500  refiner_sup_num_valid: 2.0000  refiner_sup_template_iou: 0.0943  grpo_loss_policy: -0.0008  grpo_loss_entropy: -0.0001  grpo_loss_kl: 0.0000  grpo_reward_mean: 0.6664  grpo_ratio_mean: 0.9999  grpo_clipfrac: 0.0000  grpo_approx_kl: 0.0000  grpo_approx_kl_raw: 0.0000  grpo_det_gain_mean: 0.5243  grpo_cover_gain_mean: 0.2205  grpo_cover_penalty_mean: 0.0000  grpo_area_penalty_mean: 0.0000  grpo_count_gain_mean: 0.6572  grpo_purity_gain_mean: 0.0000  grpo_leak_gain_mean: 0.0000  grpo_loss_shift_reg: 0.0000  grpo_loss_margin_reg: 0.0000  grpo_loss_cover_reg: 0.0000  grpo_loss_area_reg: 0.0000  grpo_loss_shift_mag: 0.0000  grpo_loss_margin_mag: 0.0000
2026/05/26 18:35:39 - mmengine - INFO - Epoch(train) [20][350/384]  lr: 5.0000e-04  eta: 0:09:47  time: 0.6184  data_time: 0.0078  memory: 1525  grad_norm: 3.7437  loss: -0.0047  cluster_loss_cls: 0.0902  global_loss_cls: 0.1596  global_loss_bbox: 0.5019  global_loss_centerness: 0.5772  refiner_sup_loss_box: 0.0501  refiner_sup_iou: 0.3056  refiner_sup_valid_ratio: 0.2500  refiner_sup_num_valid: 2.0000  refiner_sup_template_iou: 0.0943  grpo_loss_policy: -0.0045  grpo_loss_entropy: -0.0002  grpo_loss_kl: 0.0000  grpo_reward_mean: 0.0744  grpo_ratio_mean: 0.9946  grpo_clipfrac: 0.3125  grpo_approx_kl: 0.0000  grpo_approx_kl_raw: 0.0000  grpo_det_gain_mean: 0.0533  grpo_cover_gain_mean: 0.1555  grpo_cover_penalty_mean: 0.0000  grpo_area_penalty_mean: 0.0000  grpo_count_gain_mean: -0.3040  grpo_purity_gain_mean: -0.0945  grpo_leak_gain_mean: -0.1475  grpo_loss_shift_reg: 0.0000  grpo_loss_margin_reg: 0.0000  grpo_loss_cover_reg: 0.0000  grpo_loss_area_reg: 0.0000  grpo_loss_shift_mag: 0.0000  grpo_loss_margin_mag: 0.0000
2026/05/26 18:36:01 - mmengine - INFO - Exp name: adascope_20260526_180129
2026/05/26 18:36:01 - mmengine - INFO - Saving checkpoint at 20 epochs
2026/05/26 18:36:06 - mmengine - INFO - [SynWarmupSupGRPOStageHook] mode=val epoch=20 stage=grpo
2026/05/26 18:36:11 - mmengine - INFO - Epoch(val) [20][ 50/256]    eta: 0:00:21  time: 0.1036  data_time: 0.0034  memory: 1525  
2026/05/26 18:36:16 - mmengine - INFO - Epoch(val) [20][100/256]    eta: 0:00:16  time: 0.1026  data_time: 0.0024  memory: 817  
2026/05/26 18:36:21 - mmengine - INFO - Epoch(val) [20][150/256]    eta: 0:00:10  time: 0.1014  data_time: 0.0023  memory: 817  
2026/05/26 18:36:26 - mmengine - INFO - Epoch(val) [20][200/256]    eta: 0:00:05  time: 0.1053  data_time: 0.0024  memory: 817  
2026/05/26 18:36:32 - mmengine - INFO - Epoch(val) [20][250/256]    eta: 0:00:00  time: 0.1078  data_time: 0.0024  memory: 817  
2026/05/26 18:36:32 - mmengine - INFO - 
---------------iou_thr: 0.5---------------
2026/05/26 18:36:33 - mmengine - INFO - 
+--------+------+------+--------+-------+
| class  | gts  | dets | recall | ap    |
+--------+------+------+--------+-------+
| Target | 3454 | 8522 | 0.350  | 0.294 |
+--------+------+------+--------+-------+
| mAP    |      |      |        | 0.294 |
+--------+------+------+--------+-------+
2026/05/26 18:36:33 - mmengine - INFO - 
---------------iou_thr: 0.5---------------
2026/05/26 18:36:33 - mmengine - INFO - 
+--------+-----+------+--------+-------+
| class  | gts | dets | recall | ap    |
+--------+-----+------+--------+-------+
| Target | 625 | 1806 | 0.029  | 0.091 |
+--------+-----+------+--------+-------+
| mAP    |     |      |        | 0.091 |
+--------+-----+------+--------+-------+
2026/05/26 18:36:33 - mmengine - INFO - 
---------------iou_thr: 0.5---------------
2026/05/26 18:36:33 - mmengine - INFO - 
+--------+-----+------+--------+-------+
| class  | gts | dets | recall | ap    |
+--------+-----+------+--------+-------+
| Target | 625 | 1806 | 0.029  | 0.091 |
+--------+-----+------+--------+-------+
| mAP    |     |      |        | 0.091 |
+--------+-----+------+--------+-------+
2026/05/26 18:36:33 - mmengine - INFO - 
---------------iou_thr: 0.5---------------
2026/05/26 18:36:33 - mmengine - INFO - 
+--------+------+------+--------+-------+
| class  | gts  | dets | recall | ap    |
+--------+------+------+--------+-------+
| Target | 3454 | 7670 | 0.454  | 0.192 |
+--------+------+------+--------+-------+
| mAP    |      |      |        | 0.192 |
+--------+------+------+--------+-------+
2026/05/26 18:36:34 - mmengine - INFO - 
---------------iou_thr: 0.5---------------
2026/05/26 18:36:34 - mmengine - INFO - 
+--------+------+-------+--------+-------+
| class  | gts  | dets  | recall | ap    |
+--------+------+-------+--------+-------+
| Target | 3454 | 12907 | 0.696  | 0.398 |
+--------+------+-------+--------+-------+
| mAP    |      |       |        | 0.398 |
+--------+------+-------+--------+-------+
2026/05/26 18:36:34 - mmengine - INFO - Epoch(val) [20][256/256]    global_voc/mAP: 0.2936  global_voc/AP50: 0.2940  raw_cluster_voc/mAP: 0.0909  raw_cluster_voc/AP50: 0.0910  refined_cluster_voc/mAP: 0.0909  refined_cluster_voc/AP50: 0.0910  local_voc/mAP: 0.1918  local_voc/AP50: 0.1920  merged_voc/mAP: 0.3980  merged_voc/AP50: 0.3980  data_time: 0.0026  time: 0.1044
2026/05/26 18:36:34 - mmengine - INFO - [SynWarmupSupGRPOStageHook] mode=train epoch=20 stage=grpo
2026/05/26 18:37:05 - mmengine - INFO - Epoch(train) [21][ 50/384]  lr: 5.0000e-05  eta: 0:09:45  time: 0.6237  data_time: 0.0084  memory: 1525  grad_norm: 0.6045  loss: -0.0004  cluster_loss_cls: 0.0902  global_loss_cls: 0.1596  global_loss_bbox: 0.5019  global_loss_centerness: 0.5772  refiner_sup_loss_box: 0.0501  refiner_sup_iou: 0.3056  refiner_sup_valid_ratio: 0.2500  refiner_sup_num_valid: 2.0000  refiner_sup_template_iou: 0.0943  grpo_loss_policy: -0.0003  grpo_loss_entropy: -0.0001  grpo_loss_kl: 0.0000  grpo_reward_mean: 0.4149  grpo_ratio_mean: 1.0003  grpo_clipfrac: 0.0000  grpo_approx_kl: 0.0000  grpo_approx_kl_raw: 0.0000  grpo_det_gain_mean: 0.3198  grpo_cover_gain_mean: 0.3030  grpo_cover_penalty_mean: 0.0000  grpo_area_penalty_mean: 0.0000  grpo_count_gain_mean: 0.5037  grpo_purity_gain_mean: 0.0000  grpo_leak_gain_mean: 0.0000  grpo_loss_shift_reg: 0.0000  grpo_loss_margin_reg: 0.0000  grpo_loss_cover_reg: 0.0000  grpo_loss_area_reg: 0.0000  grpo_loss_shift_mag: 0.0000  grpo_loss_margin_mag: 0.0000
2026/05/26 18:37:38 - mmengine - INFO - Epoch(train) [21][100/384]  lr: 5.0000e-05  eta: 0:09:44  time: 0.6554  data_time: 0.0078  memory: 1525  grad_norm: 1.7783  loss: -0.0006  cluster_loss_cls: 0.0902  global_loss_cls: 0.1596  global_loss_bbox: 0.5019  global_loss_centerness: 0.5772  refiner_sup_loss_box: 0.0501  refiner_sup_iou: 0.3056  refiner_sup_valid_ratio: 0.2500  refiner_sup_num_valid: 2.0000  refiner_sup_template_iou: 0.0943  grpo_loss_policy: -0.0005  grpo_loss_entropy: -0.0001  grpo_loss_kl: 0.0000  grpo_reward_mean: 0.0670  grpo_ratio_mean: 0.9999  grpo_clipfrac: 0.0000  grpo_approx_kl: 0.0000  grpo_approx_kl_raw: 0.0000  grpo_det_gain_mean: 0.0413  grpo_cover_gain_mean: 0.3058  grpo_cover_penalty_mean: 0.0000  grpo_area_penalty_mean: 0.0000  grpo_count_gain_mean: -0.0684  grpo_purity_gain_mean: 0.0000  grpo_leak_gain_mean: 0.0000  grpo_loss_shift_reg: 0.0000  grpo_loss_margin_reg: 0.0000  grpo_loss_cover_reg: 0.0000  grpo_loss_area_reg: 0.0000  grpo_loss_shift_mag: 0.0000  grpo_loss_margin_mag: 0.0000
2026/05/26 18:38:10 - mmengine - INFO - Epoch(train) [21][150/384]  lr: 5.0000e-05  eta: 0:09:43  time: 0.6396  data_time: 0.0081  memory: 1525  grad_norm: 1.7501  loss: -0.0005  cluster_loss_cls: 0.0902  global_loss_cls: 0.1596  global_loss_bbox: 0.5019  global_loss_centerness: 0.5772  refiner_sup_loss_box: 0.0501  refiner_sup_iou: 0.3056  refiner_sup_valid_ratio: 0.2500  refiner_sup_num_valid: 2.0000  refiner_sup_template_iou: 0.0943  grpo_loss_policy: -0.0004  grpo_loss_entropy: -0.0001  grpo_loss_kl: 0.0000  grpo_reward_mean: 0.2930  grpo_ratio_mean: 1.0000  grpo_clipfrac: 0.0000  grpo_approx_kl: 0.0000  grpo_approx_kl_raw: 0.0000  grpo_det_gain_mean: 0.2194  grpo_cover_gain_mean: 0.3738  grpo_cover_penalty_mean: 0.0000  grpo_area_penalty_mean: 0.0000  grpo_count_gain_mean: 0.3345  grpo_purity_gain_mean: 0.0000  grpo_leak_gain_mean: 0.0000  grpo_loss_shift_reg: 0.0000  grpo_loss_margin_reg: 0.0000  grpo_loss_cover_reg: 0.0000  grpo_loss_area_reg: 0.0000  grpo_loss_shift_mag: 0.0000  grpo_loss_margin_mag: 0.0000
2026/05/26 18:38:41 - mmengine - INFO - Epoch(train) [21][200/384]  lr: 5.0000e-05  eta: 0:09:41  time: 0.6290  data_time: 0.0076  memory: 1525  grad_norm: 3.8459  loss: -0.0008  cluster_loss_cls: 0.0902  global_loss_cls: 0.1596  global_loss_bbox: 0.5019  global_loss_centerness: 0.5772  refiner_sup_loss_box: 0.0501  refiner_sup_iou: 0.3056  refiner_sup_valid_ratio: 0.2500  refiner_sup_num_valid: 2.0000  refiner_sup_template_iou: 0.0943  grpo_loss_policy: -0.0007  grpo_loss_entropy: -0.0001  grpo_loss_kl: 0.0000  grpo_reward_mean: 0.5876  grpo_ratio_mean: 0.9997  grpo_clipfrac: 0.0000  grpo_approx_kl: 0.0000  grpo_approx_kl_raw: 0.0000  grpo_det_gain_mean: 0.4507  grpo_cover_gain_mean: 0.4849  grpo_cover_penalty_mean: 0.0000  grpo_area_penalty_mean: 0.0000  grpo_count_gain_mean: 0.3664  grpo_purity_gain_mean: 0.0000  grpo_leak_gain_mean: 0.0000  grpo_loss_shift_reg: 0.0000  grpo_loss_margin_reg: 0.0000  grpo_loss_cover_reg: 0.0000  grpo_loss_area_reg: 0.0000  grpo_loss_shift_mag: 0.0000  grpo_loss_margin_mag: 0.0000
2026/05/26 18:39:13 - mmengine - INFO - Epoch(train) [21][250/384]  lr: 5.0000e-05  eta: 0:09:38  time: 0.6342  data_time: 0.0077  memory: 1525  grad_norm: 0.6025  loss: -0.0006  cluster_loss_cls: 0.0902  global_loss_cls: 0.1596  global_loss_bbox: 0.5019  global_loss_centerness: 0.5772  refiner_sup_loss_box: 0.0501  refiner_sup_iou: 0.3056  refiner_sup_valid_ratio: 0.2500  refiner_sup_num_valid: 2.0000  refiner_sup_template_iou: 0.0943  grpo_loss_policy: -0.0004  grpo_loss_entropy: -0.0001  grpo_loss_kl: 0.0000  grpo_reward_mean: 0.4650  grpo_ratio_mean: 1.0003  grpo_clipfrac: 0.0000  grpo_approx_kl: 0.0000  grpo_approx_kl_raw: 0.0000  grpo_det_gain_mean: 0.3564  grpo_cover_gain_mean: 0.3916  grpo_cover_penalty_mean: 0.0000  grpo_area_penalty_mean: 0.0000  grpo_count_gain_mean: 0.2517  grpo_purity_gain_mean: 0.0000  grpo_leak_gain_mean: 0.0000  grpo_loss_shift_reg: 0.0000  grpo_loss_margin_reg: 0.0000  grpo_loss_cover_reg: 0.0000  grpo_loss_area_reg: 0.0000  grpo_loss_shift_mag: 0.0000  grpo_loss_margin_mag: 0.0000
2026/05/26 18:39:44 - mmengine - INFO - Epoch(train) [21][300/384]  lr: 5.0000e-05  eta: 0:09:35  time: 0.6304  data_time: 0.0073  memory: 1525  grad_norm: 7.1400  loss: -0.0024  cluster_loss_cls: 0.0902  global_loss_cls: 0.1596  global_loss_bbox: 0.5019  global_loss_centerness: 0.5772  refiner_sup_loss_box: 0.0501  refiner_sup_iou: 0.3056  refiner_sup_valid_ratio: 0.2500  refiner_sup_num_valid: 2.0000  refiner_sup_template_iou: 0.0943  grpo_loss_policy: -0.0020  grpo_loss_entropy: -0.0003  grpo_loss_kl: 0.0000  grpo_reward_mean: 1.3387  grpo_ratio_mean: 0.9961  grpo_clipfrac: 0.0625  grpo_approx_kl: 0.0000  grpo_approx_kl_raw: 0.0000  grpo_det_gain_mean: 1.0494  grpo_cover_gain_mean: 0.5398  grpo_cover_penalty_mean: 0.0000  grpo_area_penalty_mean: 0.0000  grpo_count_gain_mean: 1.9342  grpo_purity_gain_mean: 1.0000  grpo_leak_gain_mean: 0.0000  grpo_loss_shift_reg: 0.0000  grpo_loss_margin_reg: 0.0000  grpo_loss_cover_reg: 0.0000  grpo_loss_area_reg: 0.0000  grpo_loss_shift_mag: 0.0000  grpo_loss_margin_mag: 0.0000
2026/05/26 18:39:57 - mmengine - INFO - Exp name: adascope_20260526_180129
2026/05/26 18:40:16 - mmengine - INFO - Epoch(train) [21][350/384]  lr: 5.0000e-05  eta: 0:09:32  time: 0.6396  data_time: 0.0076  memory: 1525  grad_norm: 2.7605  loss: -0.0016  cluster_loss_cls: 0.0902  global_loss_cls: 0.1596  global_loss_bbox: 0.5019  global_loss_centerness: 0.5772  refiner_sup_loss_box: 0.0501  refiner_sup_iou: 0.3056  refiner_sup_valid_ratio: 0.2500  refiner_sup_num_valid: 2.0000  refiner_sup_template_iou: 0.0943  grpo_loss_policy: -0.0012  grpo_loss_entropy: -0.0002  grpo_loss_kl: 0.0000  grpo_reward_mean: 0.5441  grpo_ratio_mean: 1.0023  grpo_clipfrac: 0.0250  grpo_approx_kl: 0.0000  grpo_approx_kl_raw: 0.0000  grpo_det_gain_mean: 0.4207  grpo_cover_gain_mean: 0.3631  grpo_cover_penalty_mean: 0.0000  grpo_area_penalty_mean: 0.0000  grpo_count_gain_mean: 0.3798  grpo_purity_gain_mean: 0.2000  grpo_leak_gain_mean: 0.0000  grpo_loss_shift_reg: 0.0000  grpo_loss_margin_reg: 0.0000  grpo_loss_cover_reg: 0.0000  grpo_loss_area_reg: 0.0000  grpo_loss_shift_mag: 0.0000  grpo_loss_margin_mag: 0.0000
2026/05/26 18:40:38 - mmengine - INFO - Exp name: adascope_20260526_180129
2026/05/26 18:40:38 - mmengine - INFO - Saving checkpoint at 21 epochs
2026/05/26 18:40:43 - mmengine - INFO - [SynWarmupSupGRPOStageHook] mode=val epoch=21 stage=grpo
2026/05/26 18:40:48 - mmengine - INFO - Epoch(val) [21][ 50/256]    eta: 0:00:21  time: 0.1059  data_time: 0.0039  memory: 1525  
2026/05/26 18:40:53 - mmengine - INFO - Epoch(val) [21][100/256]    eta: 0:00:16  time: 0.1009  data_time: 0.0024  memory: 817  
2026/05/26 18:40:58 - mmengine - INFO - Epoch(val) [21][150/256]    eta: 0:00:10  time: 0.1008  data_time: 0.0023  memory: 817  
2026/05/26 18:41:03 - mmengine - INFO - Epoch(val) [21][200/256]    eta: 0:00:05  time: 0.1021  data_time: 0.0023  memory: 817  
2026/05/26 18:41:08 - mmengine - INFO - Epoch(val) [21][250/256]    eta: 0:00:00  time: 0.1034  data_time: 0.0024  memory: 817  
2026/05/26 18:41:09 - mmengine - INFO - 
---------------iou_thr: 0.5---------------
2026/05/26 18:41:09 - mmengine - INFO - 
+--------+------+------+--------+-------+
| class  | gts  | dets | recall | ap    |
+--------+------+------+--------+-------+
| Target | 3454 | 8522 | 0.350  | 0.294 |
+--------+------+------+--------+-------+
| mAP    |      |      |        | 0.294 |
+--------+------+------+--------+-------+
2026/05/26 18:41:09 - mmengine - INFO - 
---------------iou_thr: 0.5---------------
2026/05/26 18:41:10 - mmengine - INFO - 
+--------+-----+------+--------+-------+
| class  | gts | dets | recall | ap    |
+--------+-----+------+--------+-------+
| Target | 625 | 1806 | 0.029  | 0.091 |
+--------+-----+------+--------+-------+
| mAP    |     |      |        | 0.091 |
+--------+-----+------+--------+-------+
2026/05/26 18:41:10 - mmengine - INFO - 
---------------iou_thr: 0.5---------------
2026/05/26 18:41:10 - mmengine - INFO - 
+--------+-----+------+--------+-------+
| class  | gts | dets | recall | ap    |
+--------+-----+------+--------+-------+
| Target | 625 | 1806 | 0.032  | 0.091 |
+--------+-----+------+--------+-------+
| mAP    |     |      |        | 0.091 |
+--------+-----+------+--------+-------+
2026/05/26 18:41:10 - mmengine - INFO - 
---------------iou_thr: 0.5---------------
2026/05/26 18:41:10 - mmengine - INFO - 
+--------+------+------+--------+-------+
| class  | gts  | dets | recall | ap    |
+--------+------+------+--------+-------+
| Target | 3454 | 7648 | 0.474  | 0.218 |
+--------+------+------+--------+-------+
| mAP    |      |      |        | 0.218 |
+--------+------+------+--------+-------+
2026/05/26 18:41:10 - mmengine - INFO - 
---------------iou_thr: 0.5---------------
2026/05/26 18:41:10 - mmengine - INFO - 
+--------+------+-------+--------+-------+
| class  | gts  | dets  | recall | ap    |
+--------+------+-------+--------+-------+
| Target | 3454 | 12500 | 0.655  | 0.394 |
+--------+------+-------+--------+-------+
| mAP    |      |       |        | 0.394 |
+--------+------+-------+--------+-------+
2026/05/26 18:41:10 - mmengine - INFO - Epoch(val) [21][256/256]    global_voc/mAP: 0.2936  global_voc/AP50: 0.2940  raw_cluster_voc/mAP: 0.0909  raw_cluster_voc/AP50: 0.0910  refined_cluster_voc/mAP: 0.0909  refined_cluster_voc/AP50: 0.0910  local_voc/mAP: 0.2175  local_voc/AP50: 0.2180  merged_voc/mAP: 0.3938  merged_voc/AP50: 0.3940  data_time: 0.0027  time: 0.1027
2026/05/26 18:41:10 - mmengine - INFO - [SynWarmupSupGRPOStageHook] mode=train epoch=21 stage=grpo
2026/05/26 18:41:42 - mmengine - INFO - Epoch(train) [22][ 50/384]  lr: 5.0000e-05  eta: 0:09:26  time: 0.6231  data_time: 0.0080  memory: 1525  grad_norm: 0.7454  loss: -0.0030  cluster_loss_cls: 0.0902  global_loss_cls: 0.1596  global_loss_bbox: 0.5019  global_loss_centerness: 0.5772  refiner_sup_loss_box: 0.0501  refiner_sup_iou: 0.3056  refiner_sup_valid_ratio: 0.2500  refiner_sup_num_valid: 2.0000  refiner_sup_template_iou: 0.0943  grpo_loss_policy: -0.0028  grpo_loss_entropy: -0.0002  grpo_loss_kl: 0.0000  grpo_reward_mean: 0.8822  grpo_ratio_mean: 1.0000  grpo_clipfrac: 0.0000  grpo_approx_kl: 0.0000  grpo_approx_kl_raw: 0.0000  grpo_det_gain_mean: 0.6859  grpo_cover_gain_mean: 0.4960  grpo_cover_penalty_mean: 0.0000  grpo_area_penalty_mean: 0.0000  grpo_count_gain_mean: 1.0399  grpo_purity_gain_mean: 0.5000  grpo_leak_gain_mean: 0.0000  grpo_loss_shift_reg: 0.0000  grpo_loss_margin_reg: 0.0000  grpo_loss_cover_reg: 0.0000  grpo_loss_area_reg: 0.0000  grpo_loss_shift_mag: 0.0000  grpo_loss_margin_mag: 0.0000
2026/05/26 18:42:14 - mmengine - INFO - Epoch(train) [22][100/384]  lr: 5.0000e-05  eta: 0:09:22  time: 0.6391  data_time: 0.0078  memory: 1525  grad_norm: 0.4750  loss: -0.0003  cluster_loss_cls: 0.0902  global_loss_cls: 0.1596  global_loss_bbox: 0.5019  global_loss_centerness: 0.5772  refiner_sup_loss_box: 0.0501  refiner_sup_iou: 0.3056  refiner_sup_valid_ratio: 0.2500  refiner_sup_num_valid: 2.0000  refiner_sup_template_iou: 0.0943  grpo_loss_policy: -0.0003  grpo_loss_entropy: -0.0000  grpo_loss_kl: 0.0000  grpo_reward_mean: 0.3224  grpo_ratio_mean: 1.0000  grpo_clipfrac: 0.0000  grpo_approx_kl: 0.0000  grpo_approx_kl_raw: 0.0000  grpo_det_gain_mean: 0.2468  grpo_cover_gain_mean: 0.2773  grpo_cover_penalty_mean: 0.0000  grpo_area_penalty_mean: 0.0000  grpo_count_gain_mean: 0.5139  grpo_purity_gain_mean: 0.0000  grpo_leak_gain_mean: 0.0000  grpo_loss_shift_reg: 0.0000  grpo_loss_margin_reg: 0.0000  grpo_loss_cover_reg: 0.0000  grpo_loss_area_reg: 0.0000  grpo_loss_shift_mag: 0.0000  grpo_loss_margin_mag: 0.0000
2026/05/26 18:42:45 - mmengine - INFO - Epoch(train) [22][150/384]  lr: 5.0000e-05  eta: 0:09:18  time: 0.6328  data_time: 0.0081  memory: 1525  grad_norm: 0.4974  loss: -0.0002  cluster_loss_cls: 0.0902  global_loss_cls: 0.1596  global_loss_bbox: 0.5019  global_loss_centerness: 0.5772  refiner_sup_loss_box: 0.0501  refiner_sup_iou: 0.3056  refiner_sup_valid_ratio: 0.2500  refiner_sup_num_valid: 2.0000  refiner_sup_template_iou: 0.0943  grpo_loss_policy: -0.0002  grpo_loss_entropy: -0.0000  grpo_loss_kl: 0.0000  grpo_reward_mean: 0.9823  grpo_ratio_mean: 1.0000  grpo_clipfrac: 0.0000  grpo_approx_kl: 0.0000  grpo_approx_kl_raw: 0.0000  grpo_det_gain_mean: 0.7640  grpo_cover_gain_mean: 0.5455  grpo_cover_penalty_mean: 0.0000  grpo_area_penalty_mean: 0.0000  grpo_count_gain_mean: 0.9246  grpo_purity_gain_mean: 0.2500  grpo_leak_gain_mean: 0.0000  grpo_loss_shift_reg: 0.0000  grpo_loss_margin_reg: 0.0000  grpo_loss_cover_reg: 0.0000  grpo_loss_area_reg: 0.0000  grpo_loss_shift_mag: 0.0000  grpo_loss_margin_mag: 0.0000
2026/05/26 18:43:17 - mmengine - INFO - Epoch(train) [22][200/384]  lr: 5.0000e-05  eta: 0:09:13  time: 0.6327  data_time: 0.0075  memory: 1525  grad_norm: 0.0002  loss: -0.0001  cluster_loss_cls: 0.0902  global_loss_cls: 0.1596  global_loss_bbox: 0.5019  global_loss_centerness: 0.5772  refiner_sup_loss_box: 0.0501  refiner_sup_iou: 0.3056  refiner_sup_valid_ratio: 0.2500  refiner_sup_num_valid: 2.0000  refiner_sup_template_iou: 0.0943  grpo_loss_policy: -0.0001  grpo_loss_entropy: -0.0000  grpo_loss_kl: 0.0000  grpo_reward_mean: 0.3413  grpo_ratio_mean: 1.0000  grpo_clipfrac: 0.0000  grpo_approx_kl: 0.0000  grpo_approx_kl_raw: 0.0000  grpo_det_gain_mean: 0.2667  grpo_cover_gain_mean: 0.1594  grpo_cover_penalty_mean: 0.0000  grpo_area_penalty_mean: 0.0000  grpo_count_gain_mean: 0.4225  grpo_purity_gain_mean: -0.0186  grpo_leak_gain_mean: -0.0455  grpo_loss_shift_reg: 0.0000  grpo_loss_margin_reg: 0.0000  grpo_loss_cover_reg: 0.0000  grpo_loss_area_reg: 0.0000  grpo_loss_shift_mag: 0.0000  grpo_loss_margin_mag: 0.0000
2026/05/26 18:43:49 - mmengine - INFO - Epoch(train) [22][250/384]  lr: 5.0000e-05  eta: 0:09:08  time: 0.6416  data_time: 0.0078  memory: 1525  grad_norm: 0.1284  loss: -0.0000  cluster_loss_cls: 0.0902  global_loss_cls: 0.1596  global_loss_bbox: 0.5019  global_loss_centerness: 0.5772  refiner_sup_loss_box: 0.0501  refiner_sup_iou: 0.3056  refiner_sup_valid_ratio: 0.2500  refiner_sup_num_valid: 2.0000  refiner_sup_template_iou: 0.0943  grpo_loss_policy: -0.0000  grpo_loss_entropy: -0.0000  grpo_loss_kl: 0.0000  grpo_reward_mean: 0.3142  grpo_ratio_mean: 1.0000  grpo_clipfrac: 0.0000  grpo_approx_kl: 0.0000  grpo_approx_kl_raw: 0.0000  grpo_det_gain_mean: 0.2450  grpo_cover_gain_mean: 0.1591  grpo_cover_penalty_mean: 0.0000  grpo_area_penalty_mean: 0.0000  grpo_count_gain_mean: 0.0882  grpo_purity_gain_mean: 0.0000  grpo_leak_gain_mean: 0.0000  grpo_loss_shift_reg: 0.0000  grpo_loss_margin_reg: 0.0000  grpo_loss_cover_reg: 0.0000  grpo_loss_area_reg: 0.0000  grpo_loss_shift_mag: 0.0000  grpo_loss_margin_mag: 0.0000
2026/05/26 18:44:20 - mmengine - INFO - Epoch(train) [22][300/384]  lr: 5.0000e-05  eta: 0:09:02  time: 0.6303  data_time: 0.0075  memory: 1525  grad_norm: 0.0004  loss: -0.0000  cluster_loss_cls: 0.0902  global_loss_cls: 0.1596  global_loss_bbox: 0.5019  global_loss_centerness: 0.5772  refiner_sup_loss_box: 0.0501  refiner_sup_iou: 0.3056  refiner_sup_valid_ratio: 0.2500  refiner_sup_num_valid: 2.0000  refiner_sup_template_iou: 0.0943  grpo_loss_policy: -0.0000  grpo_loss_entropy: -0.0000  grpo_loss_kl: 0.0000  grpo_reward_mean: 0.7460  grpo_ratio_mean: 1.0000  grpo_clipfrac: 0.0000  grpo_approx_kl: 0.0000  grpo_approx_kl_raw: 0.0000  grpo_det_gain_mean: 0.5802  grpo_cover_gain_mean: 0.4143  grpo_cover_penalty_mean: 0.0000  grpo_area_penalty_mean: 0.0000  grpo_count_gain_mean: 0.4483  grpo_purity_gain_mean: 0.0000  grpo_leak_gain_mean: 0.0000  grpo_loss_shift_reg: 0.0000  grpo_loss_margin_reg: 0.0000  grpo_loss_cover_reg: 0.0000  grpo_loss_area_reg: 0.0000  grpo_loss_shift_mag: 0.0000  grpo_loss_margin_mag: 0.0000
2026/05/26 18:44:52 - mmengine - INFO - Epoch(train) [22][350/384]  lr: 5.0000e-05  eta: 0:08:57  time: 0.6356  data_time: 0.0077  memory: 1525  grad_norm: 0.0003  loss: -0.0000  cluster_loss_cls: 0.0902  global_loss_cls: 0.1596  global_loss_bbox: 0.5019  global_loss_centerness: 0.5772  refiner_sup_loss_box: 0.0501  refiner_sup_iou: 0.3056  refiner_sup_valid_ratio: 0.2500  refiner_sup_num_valid: 2.0000  refiner_sup_template_iou: 0.0943  grpo_loss_policy: -0.0000  grpo_loss_entropy: -0.0000  grpo_loss_kl: 0.0000  grpo_reward_mean: 0.3702  grpo_ratio_mean: 1.0000  grpo_clipfrac: 0.0000  grpo_approx_kl: 0.0000  grpo_approx_kl_raw: 0.0000  grpo_det_gain_mean: 0.2812  grpo_cover_gain_mean: 0.3730  grpo_cover_penalty_mean: 0.0000  grpo_area_penalty_mean: 0.0000  grpo_count_gain_mean: 0.3531  grpo_purity_gain_mean: 0.0000  grpo_leak_gain_mean: 0.0000  grpo_loss_shift_reg: 0.0000  grpo_loss_margin_reg: 0.0000  grpo_loss_cover_reg: 0.0000  grpo_loss_area_reg: 0.0000  grpo_loss_shift_mag: 0.0000  grpo_loss_margin_mag: 0.0000
2026/05/26 18:45:14 - mmengine - INFO - Exp name: adascope_20260526_180129
2026/05/26 18:45:14 - mmengine - INFO - Saving checkpoint at 22 epochs
2026/05/26 18:45:20 - mmengine - INFO - [SynWarmupSupGRPOStageHook] mode=val epoch=22 stage=grpo
2026/05/26 18:45:25 - mmengine - INFO - Epoch(val) [22][ 50/256]    eta: 0:00:21  time: 0.1053  data_time: 0.0035  memory: 1525  
2026/05/26 18:45:30 - mmengine - INFO - Epoch(val) [22][100/256]    eta: 0:00:16  time: 0.1014  data_time: 0.0023  memory: 817  
2026/05/26 18:45:35 - mmengine - INFO - Epoch(val) [22][150/256]    eta: 0:00:10  time: 0.1008  data_time: 0.0023  memory: 817  
2026/05/26 18:45:40 - mmengine - INFO - Epoch(val) [22][200/256]    eta: 0:00:05  time: 0.1010  data_time: 0.0022  memory: 817  
2026/05/26 18:45:45 - mmengine - INFO - Epoch(val) [22][250/256]    eta: 0:00:00  time: 0.1032  data_time: 0.0024  memory: 817  
2026/05/26 18:45:46 - mmengine - INFO - 
---------------iou_thr: 0.5---------------
2026/05/26 18:45:46 - mmengine - INFO - 
+--------+------+------+--------+-------+
| class  | gts  | dets | recall | ap    |
+--------+------+------+--------+-------+
| Target | 3454 | 8522 | 0.350  | 0.294 |
+--------+------+------+--------+-------+
| mAP    |      |      |        | 0.294 |
+--------+------+------+--------+-------+
2026/05/26 18:45:46 - mmengine - INFO - 
---------------iou_thr: 0.5---------------
2026/05/26 18:45:46 - mmengine - INFO - 
+--------+-----+------+--------+-------+
| class  | gts | dets | recall | ap    |
+--------+-----+------+--------+-------+
| Target | 625 | 1806 | 0.029  | 0.091 |
+--------+-----+------+--------+-------+
| mAP    |     |      |        | 0.091 |
+--------+-----+------+--------+-------+
2026/05/26 18:45:46 - mmengine - INFO - 
---------------iou_thr: 0.5---------------
2026/05/26 18:45:47 - mmengine - INFO - 
+--------+-----+------+--------+-------+
| class  | gts | dets | recall | ap    |
+--------+-----+------+--------+-------+
| Target | 625 | 1806 | 0.032  | 0.091 |
+--------+-----+------+--------+-------+
| mAP    |     |      |        | 0.091 |
+--------+-----+------+--------+-------+
2026/05/26 18:45:47 - mmengine - INFO - 
---------------iou_thr: 0.5---------------
2026/05/26 18:45:47 - mmengine - INFO - 
+--------+------+------+--------+-------+
| class  | gts  | dets | recall | ap    |
+--------+------+------+--------+-------+
| Target | 3454 | 7648 | 0.474  | 0.218 |
+--------+------+------+--------+-------+
| mAP    |      |      |        | 0.218 |
+--------+------+------+--------+-------+
2026/05/26 18:45:47 - mmengine - INFO - 
---------------iou_thr: 0.5---------------
2026/05/26 18:45:47 - mmengine - INFO - 
+--------+------+-------+--------+-------+
| class  | gts  | dets  | recall | ap    |
+--------+------+-------+--------+-------+
| Target | 3454 | 12500 | 0.655  | 0.394 |
+--------+------+-------+--------+-------+
| mAP    |      |       |        | 0.394 |
+--------+------+-------+--------+-------+
2026/05/26 18:45:47 - mmengine - INFO - Epoch(val) [22][256/256]    global_voc/mAP: 0.2936  global_voc/AP50: 0.2940  raw_cluster_voc/mAP: 0.0909  raw_cluster_voc/AP50: 0.0910  refined_cluster_voc/mAP: 0.0909  refined_cluster_voc/AP50: 0.0910  local_voc/mAP: 0.2175  local_voc/AP50: 0.2180  merged_voc/mAP: 0.3938  merged_voc/AP50: 0.3940  data_time: 0.0025  time: 0.1024
2026/05/26 18:45:47 - mmengine - INFO - [SynWarmupSupGRPOStageHook] mode=train epoch=22 stage=grpo
2026/05/26 18:46:20 - mmengine - INFO - Epoch(train) [23][ 50/384]  lr: 5.0000e-05  eta: 0:08:47  time: 0.6547  data_time: 0.0088  memory: 1525  grad_norm: 0.2314  loss: -0.0000  cluster_loss_cls: 0.0902  global_loss_cls: 0.1596  global_loss_bbox: 0.5019  global_loss_centerness: 0.5772  refiner_sup_loss_box: 0.0501  refiner_sup_iou: 0.3056  refiner_sup_valid_ratio: 0.2500  refiner_sup_num_valid: 2.0000  refiner_sup_template_iou: 0.0943  grpo_loss_policy: -0.0000  grpo_loss_entropy: -0.0000  grpo_loss_kl: 0.0000  grpo_reward_mean: 0.9199  grpo_ratio_mean: 1.0000  grpo_clipfrac: 0.0000  grpo_approx_kl: 0.0000  grpo_approx_kl_raw: 0.0000  grpo_det_gain_mean: 0.7161  grpo_cover_gain_mean: 0.4953  grpo_cover_penalty_mean: 0.0000  grpo_area_penalty_mean: 0.0000  grpo_count_gain_mean: 1.2182  grpo_purity_gain_mean: 0.8571  grpo_leak_gain_mean: 0.0000  grpo_loss_shift_reg: 0.0000  grpo_loss_margin_reg: 0.0000  grpo_loss_cover_reg: 0.0000  grpo_loss_area_reg: 0.0000  grpo_loss_shift_mag: 0.0000  grpo_loss_margin_mag: 0.0000
2026/05/26 18:46:50 - mmengine - INFO - Epoch(train) [23][100/384]  lr: 5.0000e-05  eta: 0:08:40  time: 0.6069  data_time: 0.0072  memory: 1525  grad_norm: 0.0003  loss: -0.0000  cluster_loss_cls: 0.0902  global_loss_cls: 0.1596  global_loss_bbox: 0.5019  global_loss_centerness: 0.5772  refiner_sup_loss_box: 0.0501  refiner_sup_iou: 0.3056  refiner_sup_valid_ratio: 0.2500  refiner_sup_num_valid: 2.0000  refiner_sup_template_iou: 0.0943  grpo_loss_policy: 0.0000  grpo_loss_entropy: -0.0000  grpo_loss_kl: 0.0000  grpo_reward_mean: 0.5087  grpo_ratio_mean: 1.0000  grpo_clipfrac: 0.0000  grpo_approx_kl: 0.0000  grpo_approx_kl_raw: 0.0000  grpo_det_gain_mean: 0.3927  grpo_cover_gain_mean: 0.3565  grpo_cover_penalty_mean: 0.0000  grpo_area_penalty_mean: 0.0000  grpo_count_gain_mean: 0.3798  grpo_purity_gain_mean: 0.3058  grpo_leak_gain_mean: 0.0845  grpo_loss_shift_reg: 0.0000  grpo_loss_margin_reg: 0.0000  grpo_loss_cover_reg: 0.0000  grpo_loss_area_reg: 0.0000  grpo_loss_shift_mag: 0.0000  grpo_loss_margin_mag: 0.0000
2026/05/26 18:47:21 - mmengine - INFO - Epoch(train) [23][150/384]  lr: 5.0000e-05  eta: 0:08:33  time: 0.6183  data_time: 0.0074  memory: 1525  grad_norm: 0.2935  loss: -0.0001  cluster_loss_cls: 0.0902  global_loss_cls: 0.1596  global_loss_bbox: 0.5019  global_loss_centerness: 0.5772  refiner_sup_loss_box: 0.0501  refiner_sup_iou: 0.3056  refiner_sup_valid_ratio: 0.2500  refiner_sup_num_valid: 2.0000  refiner_sup_template_iou: 0.0943  grpo_loss_policy: -0.0001  grpo_loss_entropy: -0.0000  grpo_loss_kl: 0.0000  grpo_reward_mean: -0.2195  grpo_ratio_mean: 1.0000  grpo_clipfrac: 0.0000  grpo_approx_kl: 0.0000  grpo_approx_kl_raw: 0.0000  grpo_det_gain_mean: -0.1756  grpo_cover_gain_mean: 0.0000  grpo_cover_penalty_mean: 0.0000  grpo_area_penalty_mean: 0.0000  grpo_count_gain_mean: -0.3890  grpo_purity_gain_mean: -0.0761  grpo_leak_gain_mean: -0.0305  grpo_loss_shift_reg: 0.0000  grpo_loss_margin_reg: 0.0000  grpo_loss_cover_reg: 0.0000  grpo_loss_area_reg: 0.0000  grpo_loss_shift_mag: 0.0000  grpo_loss_margin_mag: 0.0000
2026/05/26 18:47:53 - mmengine - INFO - Epoch(train) [23][200/384]  lr: 5.0000e-05  eta: 0:08:26  time: 0.6309  data_time: 0.0079  memory: 1525  grad_norm: 0.0002  loss: -0.0000  cluster_loss_cls: 0.0902  global_loss_cls: 0.1596  global_loss_bbox: 0.5019  global_loss_centerness: 0.5772  refiner_sup_loss_box: 0.0501  refiner_sup_iou: 0.3056  refiner_sup_valid_ratio: 0.2500  refiner_sup_num_valid: 2.0000  refiner_sup_template_iou: 0.0943  grpo_loss_policy: -0.0000  grpo_loss_entropy: -0.0000  grpo_loss_kl: 0.0000  grpo_reward_mean: 0.6658  grpo_ratio_mean: 1.0000  grpo_clipfrac: 0.0000  grpo_approx_kl: 0.0000  grpo_approx_kl_raw: 0.0000  grpo_det_gain_mean: 0.5177  grpo_cover_gain_mean: 0.3732  grpo_cover_penalty_mean: 0.0000  grpo_area_penalty_mean: 0.0000  grpo_count_gain_mean: 0.8629  grpo_purity_gain_mean: 0.4375  grpo_leak_gain_mean: 0.0000  grpo_loss_shift_reg: 0.0000  grpo_loss_margin_reg: 0.0000  grpo_loss_cover_reg: 0.0000  grpo_loss_area_reg: 0.0000  grpo_loss_shift_mag: 0.0000  grpo_loss_margin_mag: 0.0000
2026/05/26 18:48:24 - mmengine - INFO - Epoch(train) [23][250/384]  lr: 5.0000e-05  eta: 0:08:18  time: 0.6331  data_time: 0.0080  memory: 1525  grad_norm: 0.0001  loss: -0.0000  cluster_loss_cls: 0.0902  global_loss_cls: 0.1596  global_loss_bbox: 0.5019  global_loss_centerness: 0.5772  refiner_sup_loss_box: 0.0501  refiner_sup_iou: 0.3056  refiner_sup_valid_ratio: 0.2500  refiner_sup_num_valid: 2.0000  refiner_sup_template_iou: 0.0943  grpo_loss_policy: 0.0000  grpo_loss_entropy: -0.0000  grpo_loss_kl: 0.0000  grpo_reward_mean: 0.4152  grpo_ratio_mean: 1.0000  grpo_clipfrac: 0.0000  grpo_approx_kl: 0.0000  grpo_approx_kl_raw: 0.0000  grpo_det_gain_mean: 0.3170  grpo_cover_gain_mean: 0.3781  grpo_cover_penalty_mean: 0.0000  grpo_area_penalty_mean: 0.0000  grpo_count_gain_mean: 0.8071  grpo_purity_gain_mean: 0.0000  grpo_leak_gain_mean: 0.0000  grpo_loss_shift_reg: 0.0000  grpo_loss_margin_reg: 0.0000  grpo_loss_cover_reg: 0.0000  grpo_loss_area_reg: 0.0000  grpo_loss_shift_mag: 0.0000  grpo_loss_margin_mag: 0.0000
2026/05/26 18:48:56 - mmengine - INFO - Epoch(train) [23][300/384]  lr: 5.0000e-05  eta: 0:08:11  time: 0.6286  data_time: 0.0074  memory: 1525  grad_norm: 0.0001  loss: -0.0000  cluster_loss_cls: 0.0902  global_loss_cls: 0.1596  global_loss_bbox: 0.5019  global_loss_centerness: 0.5772  refiner_sup_loss_box: 0.0501  refiner_sup_iou: 0.3056  refiner_sup_valid_ratio: 0.2500  refiner_sup_num_valid: 2.0000  refiner_sup_template_iou: 0.0943  grpo_loss_policy: -0.0000  grpo_loss_entropy: -0.0000  grpo_loss_kl: 0.0000  grpo_reward_mean: 0.5890  grpo_ratio_mean: 1.0000  grpo_clipfrac: 0.0000  grpo_approx_kl: 0.0000  grpo_approx_kl_raw: 0.0000  grpo_det_gain_mean: 0.4579  grpo_cover_gain_mean: 0.3334  grpo_cover_penalty_mean: 0.0000  grpo_area_penalty_mean: 0.0000  grpo_count_gain_mean: 0.5617  grpo_purity_gain_mean: 0.2000  grpo_leak_gain_mean: 0.0000  grpo_loss_shift_reg: 0.0000  grpo_loss_margin_reg: 0.0000  grpo_loss_cover_reg: 0.0000  grpo_loss_area_reg: 0.0000  grpo_loss_shift_mag: 0.0000  grpo_loss_margin_mag: 0.0000
2026/05/26 18:49:27 - mmengine - INFO - Epoch(train) [23][350/384]  lr: 5.0000e-05  eta: 0:08:03  time: 0.6309  data_time: 0.0082  memory: 1525  grad_norm: 0.0001  loss: -0.0000  cluster_loss_cls: 0.0902  global_loss_cls: 0.1596  global_loss_bbox: 0.5019  global_loss_centerness: 0.5772  refiner_sup_loss_box: 0.0501  refiner_sup_iou: 0.3056  refiner_sup_valid_ratio: 0.2500  refiner_sup_num_valid: 2.0000  refiner_sup_template_iou: 0.0943  grpo_loss_policy: -0.0000  grpo_loss_entropy: -0.0000  grpo_loss_kl: 0.0000  grpo_reward_mean: -0.2384  grpo_ratio_mean: 1.0000  grpo_clipfrac: 0.0000  grpo_approx_kl: 0.0000  grpo_approx_kl_raw: 0.0000  grpo_det_gain_mean: -0.1999  grpo_cover_gain_mean: 0.2294  grpo_cover_penalty_mean: 0.0000  grpo_area_penalty_mean: 0.0000  grpo_count_gain_mean: -0.2577  grpo_purity_gain_mean: -0.0262  grpo_leak_gain_mean: -0.0342  grpo_loss_shift_reg: 0.0000  grpo_loss_margin_reg: 0.0000  grpo_loss_cover_reg: 0.0000  grpo_loss_area_reg: 0.0000  grpo_loss_shift_mag: 0.0000  grpo_loss_margin_mag: 0.0000
2026/05/26 18:49:48 - mmengine - INFO - Exp name: adascope_20260526_180129
2026/05/26 18:49:48 - mmengine - INFO - Saving checkpoint at 23 epochs
2026/05/26 18:49:53 - mmengine - INFO - [SynWarmupSupGRPOStageHook] mode=val epoch=23 stage=grpo
2026/05/26 18:49:58 - mmengine - INFO - Epoch(val) [23][ 50/256]    eta: 0:00:21  time: 0.1027  data_time: 0.0038  memory: 1525  
2026/05/26 18:50:03 - mmengine - INFO - Epoch(val) [23][100/256]    eta: 0:00:15  time: 0.0994  data_time: 0.0022  memory: 817  
2026/05/26 18:50:09 - mmengine - INFO - Epoch(val) [23][150/256]    eta: 0:00:10  time: 0.1038  data_time: 0.0025  memory: 817  
2026/05/26 18:50:14 - mmengine - INFO - Epoch(val) [23][200/256]    eta: 0:00:05  time: 0.1039  data_time: 0.0023  memory: 817  
2026/05/26 18:50:19 - mmengine - INFO - Epoch(val) [23][250/256]    eta: 0:00:00  time: 0.1015  data_time: 0.0024  memory: 817  
2026/05/26 18:50:19 - mmengine - INFO - 
---------------iou_thr: 0.5---------------
2026/05/26 18:50:20 - mmengine - INFO - 
+--------+------+------+--------+-------+
| class  | gts  | dets | recall | ap    |
+--------+------+------+--------+-------+
| Target | 3454 | 8522 | 0.350  | 0.294 |
+--------+------+------+--------+-------+
| mAP    |      |      |        | 0.294 |
+--------+------+------+--------+-------+
2026/05/26 18:50:20 - mmengine - INFO - 
---------------iou_thr: 0.5---------------
2026/05/26 18:50:20 - mmengine - INFO - 
+--------+-----+------+--------+-------+
| class  | gts | dets | recall | ap    |
+--------+-----+------+--------+-------+
| Target | 625 | 1806 | 0.029  | 0.091 |
+--------+-----+------+--------+-------+
| mAP    |     |      |        | 0.091 |
+--------+-----+------+--------+-------+
2026/05/26 18:50:20 - mmengine - INFO - 
---------------iou_thr: 0.5---------------
2026/05/26 18:50:20 - mmengine - INFO - 
+--------+-----+------+--------+-------+
| class  | gts | dets | recall | ap    |
+--------+-----+------+--------+-------+
| Target | 625 | 1806 | 0.032  | 0.091 |
+--------+-----+------+--------+-------+
| mAP    |     |      |        | 0.091 |
+--------+-----+------+--------+-------+
2026/05/26 18:50:20 - mmengine - INFO - 
---------------iou_thr: 0.5---------------
2026/05/26 18:50:21 - mmengine - INFO - 
+--------+------+------+--------+-------+
| class  | gts  | dets | recall | ap    |
+--------+------+------+--------+-------+
| Target | 3454 | 7648 | 0.474  | 0.218 |
+--------+------+------+--------+-------+
| mAP    |      |      |        | 0.218 |
+--------+------+------+--------+-------+
2026/05/26 18:50:21 - mmengine - INFO - 
---------------iou_thr: 0.5---------------
2026/05/26 18:50:21 - mmengine - INFO - 
+--------+------+-------+--------+-------+
| class  | gts  | dets  | recall | ap    |
+--------+------+-------+--------+-------+
| Target | 3454 | 12500 | 0.655  | 0.394 |
+--------+------+-------+--------+-------+
| mAP    |      |       |        | 0.394 |
+--------+------+-------+--------+-------+
2026/05/26 18:50:21 - mmengine - INFO - Epoch(val) [23][256/256]    global_voc/mAP: 0.2936  global_voc/AP50: 0.2940  raw_cluster_voc/mAP: 0.0909  raw_cluster_voc/AP50: 0.0910  refined_cluster_voc/mAP: 0.0909  refined_cluster_voc/AP50: 0.0910  local_voc/mAP: 0.2175  local_voc/AP50: 0.2180  merged_voc/mAP: 0.3938  merged_voc/AP50: 0.3940  data_time: 0.0026  time: 0.1022
2026/05/26 18:50:21 - mmengine - INFO - [SynWarmupSupGRPOStageHook] mode=train epoch=23 stage=grpo
2026/05/26 18:50:53 - mmengine - INFO - Epoch(train) [24][ 50/384]  lr: 5.0000e-05  eta: 0:07:49  time: 0.6457  data_time: 0.0089  memory: 1525  grad_norm: 0.0002  loss: -0.0000  cluster_loss_cls: 0.0902  global_loss_cls: 0.1596  global_loss_bbox: 0.5019  global_loss_centerness: 0.5772  refiner_sup_loss_box: 0.0501  refiner_sup_iou: 0.3056  refiner_sup_valid_ratio: 0.2500  refiner_sup_num_valid: 2.0000  refiner_sup_template_iou: 0.0943  grpo_loss_policy: -0.0000  grpo_loss_entropy: -0.0000  grpo_loss_kl: 0.0000  grpo_reward_mean: 1.8462  grpo_ratio_mean: 1.0000  grpo_clipfrac: 0.0000  grpo_approx_kl: 0.0000  grpo_approx_kl_raw: 0.0000  grpo_det_gain_mean: 1.4476  grpo_cover_gain_mean: 0.7344  grpo_cover_penalty_mean: 0.0000  grpo_area_penalty_mean: 0.0000  grpo_count_gain_mean: 2.2179  grpo_purity_gain_mean: 1.0000  grpo_leak_gain_mean: 0.0000  grpo_loss_shift_reg: 0.0000  grpo_loss_margin_reg: 0.0000  grpo_loss_cover_reg: 0.0000  grpo_loss_area_reg: 0.0000  grpo_loss_shift_mag: 0.0000  grpo_loss_margin_mag: 0.0000
2026/05/26 18:51:24 - mmengine - INFO - Epoch(train) [24][100/384]  lr: 5.0000e-05  eta: 0:07:40  time: 0.6181  data_time: 0.0076  memory: 1525  grad_norm: 0.0001  loss: -0.0001  cluster_loss_cls: 0.0902  global_loss_cls: 0.1596  global_loss_bbox: 0.5019  global_loss_centerness: 0.5772  refiner_sup_loss_box: 0.0501  refiner_sup_iou: 0.3056  refiner_sup_valid_ratio: 0.2500  refiner_sup_num_valid: 2.0000  refiner_sup_template_iou: 0.0943  grpo_loss_policy: -0.0001  grpo_loss_entropy: -0.0000  grpo_loss_kl: 0.0000  grpo_reward_mean: 0.5219  grpo_ratio_mean: 1.0000  grpo_clipfrac: 0.0000  grpo_approx_kl: 0.0000  grpo_approx_kl_raw: 0.0000  grpo_det_gain_mean: 0.4055  grpo_cover_gain_mean: 0.3007  grpo_cover_penalty_mean: 0.0000  grpo_area_penalty_mean: 0.0000  grpo_count_gain_mean: 0.3472  grpo_purity_gain_mean: 0.0000  grpo_leak_gain_mean: 0.0000  grpo_loss_shift_reg: 0.0000  grpo_loss_margin_reg: 0.0000  grpo_loss_cover_reg: 0.0000  grpo_loss_area_reg: 0.0000  grpo_loss_shift_mag: 0.0000  grpo_loss_margin_mag: 0.0000
2026/05/26 18:51:56 - mmengine - INFO - Epoch(train) [24][150/384]  lr: 5.0000e-05  eta: 0:07:31  time: 0.6338  data_time: 0.0081  memory: 1525  grad_norm: 0.0001  loss: -0.0000  cluster_loss_cls: 0.0902  global_loss_cls: 0.1596  global_loss_bbox: 0.5019  global_loss_centerness: 0.5772  refiner_sup_loss_box: 0.0501  refiner_sup_iou: 0.3056  refiner_sup_valid_ratio: 0.2500  refiner_sup_num_valid: 2.0000  refiner_sup_template_iou: 0.0943  grpo_loss_policy: 0.0000  grpo_loss_entropy: -0.0000  grpo_loss_kl: 0.0000  grpo_reward_mean: 1.1348  grpo_ratio_mean: 1.0000  grpo_clipfrac: 0.0000  grpo_approx_kl: 0.0000  grpo_approx_kl_raw: 0.0000  grpo_det_gain_mean: 0.8842  grpo_cover_gain_mean: 0.5899  grpo_cover_penalty_mean: 0.0000  grpo_area_penalty_mean: 0.0000  grpo_count_gain_mean: 0.9459  grpo_purity_gain_mean: 0.3333  grpo_leak_gain_mean: 0.0000  grpo_loss_shift_reg: 0.0000  grpo_loss_margin_reg: 0.0000  grpo_loss_cover_reg: 0.0000  grpo_loss_area_reg: 0.0000  grpo_loss_shift_mag: 0.0000  grpo_loss_margin_mag: 0.0000
2026/05/26 18:52:07 - mmengine - INFO - Exp name: adascope_20260526_180129
2026/05/26 18:52:27 - mmengine - INFO - Epoch(train) [24][200/384]  lr: 5.0000e-05  eta: 0:07:22  time: 0.6269  data_time: 0.0079  memory: 1525  grad_norm: 0.0001  loss: -0.0001  cluster_loss_cls: 0.0902  global_loss_cls: 0.1596  global_loss_bbox: 0.5019  global_loss_centerness: 0.5772  refiner_sup_loss_box: 0.0501  refiner_sup_iou: 0.3056  refiner_sup_valid_ratio: 0.2500  refiner_sup_num_valid: 2.0000  refiner_sup_template_iou: 0.0943  grpo_loss_policy: -0.0001  grpo_loss_entropy: -0.0000  grpo_loss_kl: 0.0000  grpo_reward_mean: 0.8901  grpo_ratio_mean: 1.0000  grpo_clipfrac: 0.0000  grpo_approx_kl: 0.0000  grpo_approx_kl_raw: 0.0000  grpo_det_gain_mean: 0.6899  grpo_cover_gain_mean: 0.5550  grpo_cover_penalty_mean: 0.0000  grpo_area_penalty_mean: 0.0000  grpo_count_gain_mean: 1.0375  grpo_purity_gain_mean: 0.0000  grpo_leak_gain_mean: 0.0000  grpo_loss_shift_reg: 0.0000  grpo_loss_margin_reg: 0.0000  grpo_loss_cover_reg: 0.0000  grpo_loss_area_reg: 0.0000  grpo_loss_shift_mag: 0.0000  grpo_loss_margin_mag: 0.0000
2026/05/26 18:52:59 - mmengine - INFO - Epoch(train) [24][250/384]  lr: 5.0000e-05  eta: 0:07:12  time: 0.6358  data_time: 0.0078  memory: 1525  grad_norm: 0.0000  loss: -0.0000  cluster_loss_cls: 0.0902  global_loss_cls: 0.1596  global_loss_bbox: 0.5019  global_loss_centerness: 0.5772  refiner_sup_loss_box: 0.0501  refiner_sup_iou: 0.3056  refiner_sup_valid_ratio: 0.2500  refiner_sup_num_valid: 2.0000  refiner_sup_template_iou: 0.0943  grpo_loss_policy: -0.0000  grpo_loss_entropy: -0.0000  grpo_loss_kl: 0.0000  grpo_reward_mean: 0.0737  grpo_ratio_mean: 1.0000  grpo_clipfrac: 0.0000  grpo_approx_kl: 0.0000  grpo_approx_kl_raw: 0.0000  grpo_det_gain_mean: 0.0447  grpo_cover_gain_mean: 0.3550  grpo_cover_penalty_mean: 0.0000  grpo_area_penalty_mean: 0.0000  grpo_count_gain_mean: -0.0184  grpo_purity_gain_mean: 0.0107  grpo_leak_gain_mean: 0.0291  grpo_loss_shift_reg: 0.0000  grpo_loss_margin_reg: 0.0000  grpo_loss_cover_reg: 0.0000  grpo_loss_area_reg: 0.0000  grpo_loss_shift_mag: 0.0000  grpo_loss_margin_mag: 0.0000
2026/05/26 18:53:30 - mmengine - INFO - Epoch(train) [24][300/384]  lr: 5.0000e-05  eta: 0:07:03  time: 0.6121  data_time: 0.0074  memory: 1525  grad_norm: 0.0001  loss: -0.0000  cluster_loss_cls: 0.0902  global_loss_cls: 0.1596  global_loss_bbox: 0.5019  global_loss_centerness: 0.5772  refiner_sup_loss_box: 0.0501  refiner_sup_iou: 0.3056  refiner_sup_valid_ratio: 0.2500  refiner_sup_num_valid: 2.0000  refiner_sup_template_iou: 0.0943  grpo_loss_policy: -0.0000  grpo_loss_entropy: -0.0000  grpo_loss_kl: 0.0000  grpo_reward_mean: 0.3073  grpo_ratio_mean: 1.0000  grpo_clipfrac: 0.0000  grpo_approx_kl: 0.0000  grpo_approx_kl_raw: 0.0000  grpo_det_gain_mean: 0.2332  grpo_cover_gain_mean: 0.3146  grpo_cover_penalty_mean: 0.0000  grpo_area_penalty_mean: 0.0000  grpo_count_gain_mean: 0.3379  grpo_purity_gain_mean: 0.0000  grpo_leak_gain_mean: 0.0000  grpo_loss_shift_reg: 0.0000  grpo_loss_margin_reg: 0.0000  grpo_loss_cover_reg: 0.0000  grpo_loss_area_reg: 0.0000  grpo_loss_shift_mag: 0.0000  grpo_loss_margin_mag: 0.0000
2026/05/26 18:54:01 - mmengine - INFO - Epoch(train) [24][350/384]  lr: 5.0000e-05  eta: 0:06:53  time: 0.6315  data_time: 0.0079  memory: 1525  grad_norm: 0.0001  loss: -0.0000  cluster_loss_cls: 0.0902  global_loss_cls: 0.1596  global_loss_bbox: 0.5019  global_loss_centerness: 0.5772  refiner_sup_loss_box: 0.0501  refiner_sup_iou: 0.3056  refiner_sup_valid_ratio: 0.2500  refiner_sup_num_valid: 2.0000  refiner_sup_template_iou: 0.0943  grpo_loss_policy: 0.0000  grpo_loss_entropy: -0.0000  grpo_loss_kl: 0.0000  grpo_reward_mean: 0.2001  grpo_ratio_mean: 1.0000  grpo_clipfrac: 0.0000  grpo_approx_kl: 0.0000  grpo_approx_kl_raw: 0.0000  grpo_det_gain_mean: 0.1465  grpo_cover_gain_mean: 0.3388  grpo_cover_penalty_mean: 0.0000  grpo_area_penalty_mean: 0.0000  grpo_count_gain_mean: -0.0726  grpo_purity_gain_mean: -0.0148  grpo_leak_gain_mean: -0.0270  grpo_loss_shift_reg: 0.0000  grpo_loss_margin_reg: 0.0000  grpo_loss_cover_reg: 0.0000  grpo_loss_area_reg: 0.0000  grpo_loss_shift_mag: 0.0000  grpo_loss_margin_mag: 0.0000
2026/05/26 18:54:22 - mmengine - INFO - Exp name: adascope_20260526_180129
2026/05/26 18:54:22 - mmengine - INFO - Saving checkpoint at 24 epochs
2026/05/26 18:54:27 - mmengine - INFO - [SynWarmupSupGRPOStageHook] mode=val epoch=24 stage=grpo
2026/05/26 18:54:32 - mmengine - INFO - Epoch(val) [24][ 50/256]    eta: 0:00:21  time: 0.1048  data_time: 0.0037  memory: 1525  
2026/05/26 18:54:37 - mmengine - INFO - Epoch(val) [24][100/256]    eta: 0:00:15  time: 0.0995  data_time: 0.0023  memory: 817  
2026/05/26 18:54:42 - mmengine - INFO - Epoch(val) [24][150/256]    eta: 0:00:10  time: 0.0994  data_time: 0.0023  memory: 817  
2026/05/26 18:54:47 - mmengine - INFO - Epoch(val) [24][200/256]    eta: 0:00:05  time: 0.1021  data_time: 0.0025  memory: 817  
2026/05/26 18:54:52 - mmengine - INFO - Epoch(val) [24][250/256]    eta: 0:00:00  time: 0.1012  data_time: 0.0022  memory: 817  
2026/05/26 18:54:53 - mmengine - INFO - 
---------------iou_thr: 0.5---------------
2026/05/26 18:54:53 - mmengine - INFO - 
+--------+------+------+--------+-------+
| class  | gts  | dets | recall | ap    |
+--------+------+------+--------+-------+
| Target | 3454 | 8522 | 0.350  | 0.294 |
+--------+------+------+--------+-------+
| mAP    |      |      |        | 0.294 |
+--------+------+------+--------+-------+
2026/05/26 18:54:53 - mmengine - INFO - 
---------------iou_thr: 0.5---------------
2026/05/26 18:54:53 - mmengine - INFO - 
+--------+-----+------+--------+-------+
| class  | gts | dets | recall | ap    |
+--------+-----+------+--------+-------+
| Target | 625 | 1806 | 0.029  | 0.091 |
+--------+-----+------+--------+-------+
| mAP    |     |      |        | 0.091 |
+--------+-----+------+--------+-------+
2026/05/26 18:54:53 - mmengine - INFO - 
---------------iou_thr: 0.5---------------
2026/05/26 18:54:54 - mmengine - INFO - 
+--------+-----+------+--------+-------+
| class  | gts | dets | recall | ap    |
+--------+-----+------+--------+-------+
| Target | 625 | 1806 | 0.032  | 0.091 |
+--------+-----+------+--------+-------+
| mAP    |     |      |        | 0.091 |
+--------+-----+------+--------+-------+
2026/05/26 18:54:54 - mmengine - INFO - 
---------------iou_thr: 0.5---------------
2026/05/26 18:54:54 - mmengine - INFO - 
+--------+------+------+--------+-------+
| class  | gts  | dets | recall | ap    |
+--------+------+------+--------+-------+
| Target | 3454 | 7648 | 0.474  | 0.218 |
+--------+------+------+--------+-------+
| mAP    |      |      |        | 0.218 |
+--------+------+------+--------+-------+
2026/05/26 18:54:54 - mmengine - INFO - 
---------------iou_thr: 0.5---------------
2026/05/26 18:54:54 - mmengine - INFO - 
+--------+------+-------+--------+-------+
| class  | gts  | dets  | recall | ap    |
+--------+------+-------+--------+-------+
| Target | 3454 | 12500 | 0.655  | 0.394 |
+--------+------+-------+--------+-------+
| mAP    |      |       |        | 0.394 |
+--------+------+-------+--------+-------+
2026/05/26 18:54:54 - mmengine - INFO - Epoch(val) [24][256/256]    global_voc/mAP: 0.2936  global_voc/AP50: 0.2940  raw_cluster_voc/mAP: 0.0909  raw_cluster_voc/AP50: 0.0910  refined_cluster_voc/mAP: 0.0909  refined_cluster_voc/AP50: 0.0910  local_voc/mAP: 0.2175  local_voc/AP50: 0.2180  merged_voc/mAP: 0.3938  merged_voc/AP50: 0.3940  data_time: 0.0026  time: 0.1013
2026/05/26 18:54:54 - mmengine - INFO - [SynWarmupSupGRPOStageHook] mode=train epoch=24 stage=grpo
2026/05/26 18:55:25 - mmengine - INFO - Epoch(train) [25][ 50/384]  lr: 5.0000e-05  eta: 0:06:35  time: 0.6079  data_time: 0.0086  memory: 1525  grad_norm: 0.0000  loss: -0.0000  cluster_loss_cls: 0.0902  global_loss_cls: 0.1596  global_loss_bbox: 0.5019  global_loss_centerness: 0.5772  refiner_sup_loss_box: 0.0501  refiner_sup_iou: 0.3056  refiner_sup_valid_ratio: 0.2500  refiner_sup_num_valid: 2.0000  refiner_sup_template_iou: 0.0943  grpo_loss_policy: -0.0000  grpo_loss_entropy: -0.0000  grpo_loss_kl: 0.0000  grpo_reward_mean: 0.4439  grpo_ratio_mean: 1.0000  grpo_clipfrac: 0.0000  grpo_approx_kl: 0.0000  grpo_approx_kl_raw: 0.0000  grpo_det_gain_mean: 0.3421  grpo_cover_gain_mean: 0.3254  grpo_cover_penalty_mean: 0.0000  grpo_area_penalty_mean: 0.0000  grpo_count_gain_mean: 0.2067  grpo_purity_gain_mean: 0.0000  grpo_leak_gain_mean: 0.0000  grpo_loss_shift_reg: 0.0000  grpo_loss_margin_reg: 0.0000  grpo_loss_cover_reg: 0.0000  grpo_loss_area_reg: 0.0000  grpo_loss_shift_mag: 0.0000  grpo_loss_margin_mag: 0.0000
2026/05/26 18:55:57 - mmengine - INFO - Epoch(train) [25][100/384]  lr: 5.0000e-05  eta: 0:06:25  time: 0.6430  data_time: 0.0079  memory: 1525  grad_norm: 0.2808  loss: -0.0000  cluster_loss_cls: 0.0902  global_loss_cls: 0.1596  global_loss_bbox: 0.5019  global_loss_centerness: 0.5772  refiner_sup_loss_box: 0.0501  refiner_sup_iou: 0.3056  refiner_sup_valid_ratio: 0.2500  refiner_sup_num_valid: 2.0000  refiner_sup_template_iou: 0.0943  grpo_loss_policy: -0.0000  grpo_loss_entropy: -0.0000  grpo_loss_kl: 0.0000  grpo_reward_mean: 1.7273  grpo_ratio_mean: 1.0000  grpo_clipfrac: 0.0000  grpo_approx_kl: 0.0000  grpo_approx_kl_raw: 0.0000  grpo_det_gain_mean: 1.3584  grpo_cover_gain_mean: 0.5852  grpo_cover_penalty_mean: 0.0000  grpo_area_penalty_mean: 0.0000  grpo_count_gain_mean: 2.3264  grpo_purity_gain_mean: 1.0000  grpo_leak_gain_mean: 0.0000  grpo_loss_shift_reg: 0.0000  grpo_loss_margin_reg: 0.0000  grpo_loss_cover_reg: 0.0000  grpo_loss_area_reg: 0.0000  grpo_loss_shift_mag: 0.0000  grpo_loss_margin_mag: 0.0000
2026/05/26 18:56:28 - mmengine - INFO - Epoch(train) [25][150/384]  lr: 5.0000e-05  eta: 0:06:14  time: 0.6188  data_time: 0.0078  memory: 1525  grad_norm: 0.0002  loss: -0.0000  cluster_loss_cls: 0.0902  global_loss_cls: 0.1596  global_loss_bbox: 0.5019  global_loss_centerness: 0.5772  refiner_sup_loss_box: 0.0501  refiner_sup_iou: 0.3056  refiner_sup_valid_ratio: 0.2500  refiner_sup_num_valid: 2.0000  refiner_sup_template_iou: 0.0943  grpo_loss_policy: -0.0000  grpo_loss_entropy: -0.0000  grpo_loss_kl: 0.0000  grpo_reward_mean: 0.2446  grpo_ratio_mean: 1.0000  grpo_clipfrac: 0.0000  grpo_approx_kl: 0.0000  grpo_approx_kl_raw: 0.0000  grpo_det_gain_mean: 0.1782  grpo_cover_gain_mean: 0.4388  grpo_cover_penalty_mean: 0.0000  grpo_area_penalty_mean: 0.0000  grpo_count_gain_mean: -0.2417  grpo_purity_gain_mean: -0.2791  grpo_leak_gain_mean: 0.0561  grpo_loss_shift_reg: 0.0000  grpo_loss_margin_reg: 0.0000  grpo_loss_cover_reg: 0.0000  grpo_loss_area_reg: 0.0000  grpo_loss_shift_mag: 0.0000  grpo_loss_margin_mag: 0.0000
2026/05/26 18:56:59 - mmengine - INFO - Epoch(train) [25][200/384]  lr: 5.0000e-05  eta: 0:06:03  time: 0.6242  data_time: 0.0076  memory: 1525  grad_norm: 0.0000  loss: -0.0000  cluster_loss_cls: 0.0902  global_loss_cls: 0.1596  global_loss_bbox: 0.5019  global_loss_centerness: 0.5772  refiner_sup_loss_box: 0.0501  refiner_sup_iou: 0.3056  refiner_sup_valid_ratio: 0.2500  refiner_sup_num_valid: 2.0000  refiner_sup_template_iou: 0.0943  grpo_loss_policy: -0.0000  grpo_loss_entropy: -0.0000  grpo_loss_kl: 0.0000  grpo_reward_mean: 0.9419  grpo_ratio_mean: 1.0000  grpo_clipfrac: 0.0000  grpo_approx_kl: 0.0000  grpo_approx_kl_raw: 0.0000  grpo_det_gain_mean: 0.7305  grpo_cover_gain_mean: 0.5738  grpo_cover_penalty_mean: 0.0000  grpo_area_penalty_mean: 0.0000  grpo_count_gain_mean: 1.0244  grpo_purity_gain_mean: 0.5000  grpo_leak_gain_mean: 0.0000  grpo_loss_shift_reg: 0.0000  grpo_loss_margin_reg: 0.0000  grpo_loss_cover_reg: 0.0000  grpo_loss_area_reg: 0.0000  grpo_loss_shift_mag: 0.0000  grpo_loss_margin_mag: 0.0000
2026/05/26 18:57:30 - mmengine - INFO - Epoch(train) [25][250/384]  lr: 5.0000e-05  eta: 0:05:52  time: 0.6238  data_time: 0.0096  memory: 1525  grad_norm: 0.2224  loss: -0.0000  cluster_loss_cls: 0.0902  global_loss_cls: 0.1596  global_loss_bbox: 0.5019  global_loss_centerness: 0.5772  refiner_sup_loss_box: 0.0501  refiner_sup_iou: 0.3056  refiner_sup_valid_ratio: 0.2500  refiner_sup_num_valid: 2.0000  refiner_sup_template_iou: 0.0943  grpo_loss_policy: -0.0000  grpo_loss_entropy: -0.0000  grpo_loss_kl: 0.0000  grpo_reward_mean: 0.0500  grpo_ratio_mean: 1.0000  grpo_clipfrac: 0.0000  grpo_approx_kl: 0.0000  grpo_approx_kl_raw: 0.0000  grpo_det_gain_mean: 0.0341  grpo_cover_gain_mean: 0.1488  grpo_cover_penalty_mean: 0.0000  grpo_area_penalty_mean: 0.0000  grpo_count_gain_mean: 0.0423  grpo_purity_gain_mean: 0.0000  grpo_leak_gain_mean: 0.0000  grpo_loss_shift_reg: 0.0000  grpo_loss_margin_reg: 0.0000  grpo_loss_cover_reg: 0.0000  grpo_loss_area_reg: 0.0000  grpo_loss_shift_mag: 0.0000  grpo_loss_margin_mag: 0.0000
2026/05/26 18:58:02 - mmengine - INFO - Epoch(train) [25][300/384]  lr: 5.0000e-05  eta: 0:05:40  time: 0.6317  data_time: 0.0077  memory: 1525  grad_norm: 0.0001  loss: -0.0000  cluster_loss_cls: 0.0902  global_loss_cls: 0.1596  global_loss_bbox: 0.5019  global_loss_centerness: 0.5772  refiner_sup_loss_box: 0.0501  refiner_sup_iou: 0.3056  refiner_sup_valid_ratio: 0.2500  refiner_sup_num_valid: 2.0000  refiner_sup_template_iou: 0.0943  grpo_loss_policy: -0.0000  grpo_loss_entropy: -0.0000  grpo_loss_kl: 0.0000  grpo_reward_mean: 1.3133  grpo_ratio_mean: 1.0000  grpo_clipfrac: 0.0000  grpo_approx_kl: 0.0000  grpo_approx_kl_raw: 0.0000  grpo_det_gain_mean: 1.0308  grpo_cover_gain_mean: 0.4944  grpo_cover_penalty_mean: 0.0000  grpo_area_penalty_mean: 0.0000  grpo_count_gain_mean: 1.6869  grpo_purity_gain_mean: 1.0000  grpo_leak_gain_mean: 0.0000  grpo_loss_shift_reg: 0.0000  grpo_loss_margin_reg: 0.0000  grpo_loss_cover_reg: 0.0000  grpo_loss_area_reg: 0.0000  grpo_loss_shift_mag: 0.0000  grpo_loss_margin_mag: 0.0000
2026/05/26 18:58:32 - mmengine - INFO - Epoch(train) [25][350/384]  lr: 5.0000e-05  eta: 0:05:29  time: 0.6016  data_time: 0.0073  memory: 1525  grad_norm: 0.0001  loss: -0.0000  cluster_loss_cls: 0.0902  global_loss_cls: 0.1596  global_loss_bbox: 0.5019  global_loss_centerness: 0.5772  refiner_sup_loss_box: 0.0501  refiner_sup_iou: 0.3056  refiner_sup_valid_ratio: 0.2500  refiner_sup_num_valid: 2.0000  refiner_sup_template_iou: 0.0943  grpo_loss_policy: -0.0000  grpo_loss_entropy: -0.0000  grpo_loss_kl: 0.0000  grpo_reward_mean: -0.0971  grpo_ratio_mean: 1.0000  grpo_clipfrac: 0.0000  grpo_approx_kl: 0.0000  grpo_approx_kl_raw: 0.0000  grpo_det_gain_mean: -0.0813  grpo_cover_gain_mean: 0.0909  grpo_cover_penalty_mean: 0.0000  grpo_area_penalty_mean: 0.0000  grpo_count_gain_mean: 0.0164  grpo_purity_gain_mean: 0.0000  grpo_leak_gain_mean: 0.0000  grpo_loss_shift_reg: 0.0000  grpo_loss_margin_reg: 0.0000  grpo_loss_cover_reg: 0.0000  grpo_loss_area_reg: 0.0000  grpo_loss_shift_mag: 0.0000  grpo_loss_margin_mag: 0.0000
2026/05/26 18:58:53 - mmengine - INFO - Exp name: adascope_20260526_180129
2026/05/26 18:58:53 - mmengine - INFO - Saving checkpoint at 25 epochs
2026/05/26 18:58:58 - mmengine - INFO - [SynWarmupSupGRPOStageHook] mode=val epoch=25 stage=grpo
2026/05/26 18:59:04 - mmengine - INFO - Epoch(val) [25][ 50/256]    eta: 0:00:21  time: 0.1057  data_time: 0.0042  memory: 1525  
2026/05/26 18:59:09 - mmengine - INFO - Epoch(val) [25][100/256]    eta: 0:00:16  time: 0.1011  data_time: 0.0023  memory: 817  
2026/05/26 18:59:14 - mmengine - INFO - Epoch(val) [25][150/256]    eta: 0:00:10  time: 0.0978  data_time: 0.0022  memory: 817  
2026/05/26 18:59:19 - mmengine - INFO - Epoch(val) [25][200/256]    eta: 0:00:05  time: 0.0984  data_time: 0.0023  memory: 817  
2026/05/26 18:59:24 - mmengine - INFO - Epoch(val) [25][250/256]    eta: 0:00:00  time: 0.1008  data_time: 0.0023  memory: 817  
2026/05/26 18:59:24 - mmengine - INFO - 
---------------iou_thr: 0.5---------------
2026/05/26 18:59:25 - mmengine - INFO - 
+--------+------+------+--------+-------+
| class  | gts  | dets | recall | ap    |
+--------+------+------+--------+-------+
| Target | 3454 | 8522 | 0.350  | 0.294 |
+--------+------+------+--------+-------+
| mAP    |      |      |        | 0.294 |
+--------+------+------+--------+-------+
2026/05/26 18:59:25 - mmengine - INFO - 
---------------iou_thr: 0.5---------------
2026/05/26 18:59:25 - mmengine - INFO - 
+--------+-----+------+--------+-------+
| class  | gts | dets | recall | ap    |
+--------+-----+------+--------+-------+
| Target | 625 | 1806 | 0.029  | 0.091 |
+--------+-----+------+--------+-------+
| mAP    |     |      |        | 0.091 |
+--------+-----+------+--------+-------+
2026/05/26 18:59:25 - mmengine - INFO - 
---------------iou_thr: 0.5---------------
2026/05/26 18:59:25 - mmengine - INFO - 
+--------+-----+------+--------+-------+
| class  | gts | dets | recall | ap    |
+--------+-----+------+--------+-------+
| Target | 625 | 1806 | 0.032  | 0.091 |
+--------+-----+------+--------+-------+
| mAP    |     |      |        | 0.091 |
+--------+-----+------+--------+-------+
2026/05/26 18:59:25 - mmengine - INFO - 
---------------iou_thr: 0.5---------------
2026/05/26 18:59:25 - mmengine - INFO - 
+--------+------+------+--------+-------+
| class  | gts  | dets | recall | ap    |
+--------+------+------+--------+-------+
| Target | 3454 | 7648 | 0.474  | 0.218 |
+--------+------+------+--------+-------+
| mAP    |      |      |        | 0.218 |
+--------+------+------+--------+-------+
2026/05/26 18:59:25 - mmengine - INFO - 
---------------iou_thr: 0.5---------------
2026/05/26 18:59:26 - mmengine - INFO - 
+--------+------+-------+--------+-------+
| class  | gts  | dets  | recall | ap    |
+--------+------+-------+--------+-------+
| Target | 3454 | 12500 | 0.655  | 0.394 |
+--------+------+-------+--------+-------+
| mAP    |      |       |        | 0.394 |
+--------+------+-------+--------+-------+
2026/05/26 18:59:26 - mmengine - INFO - Epoch(val) [25][256/256]    global_voc/mAP: 0.2936  global_voc/AP50: 0.2940  raw_cluster_voc/mAP: 0.0909  raw_cluster_voc/AP50: 0.0910  refined_cluster_voc/mAP: 0.0909  refined_cluster_voc/AP50: 0.0910  local_voc/mAP: 0.2175  local_voc/AP50: 0.2180  merged_voc/mAP: 0.3938  merged_voc/AP50: 0.3940  data_time: 0.0027  time: 0.1009
2026/05/26 18:59:26 - mmengine - INFO - [SynWarmupSupGRPOStageHook] mode=train epoch=25 stage=grpo
2026/05/26 18:59:58 - mmengine - INFO - Epoch(train) [26][ 50/384]  lr: 5.0000e-05  eta: 0:05:09  time: 0.6401  data_time: 0.0089  memory: 1525  grad_norm: 0.0001  loss: -0.0000  cluster_loss_cls: 0.0902  global_loss_cls: 0.1596  global_loss_bbox: 0.5019  global_loss_centerness: 0.5772  refiner_sup_loss_box: 0.0501  refiner_sup_iou: 0.3056  refiner_sup_valid_ratio: 0.2500  refiner_sup_num_valid: 2.0000  refiner_sup_template_iou: 0.0943  grpo_loss_policy: 0.0000  grpo_loss_entropy: -0.0000  grpo_loss_kl: 0.0000  grpo_reward_mean: 0.0346  grpo_ratio_mean: 1.0000  grpo_clipfrac: 0.0000  grpo_approx_kl: 0.0000  grpo_approx_kl_raw: 0.0000  grpo_det_gain_mean: 0.0169  grpo_cover_gain_mean: 0.2705  grpo_cover_penalty_mean: 0.0000  grpo_area_penalty_mean: 0.0000  grpo_count_gain_mean: 0.1206  grpo_purity_gain_mean: 0.0833  grpo_leak_gain_mean: 0.0000  grpo_loss_shift_reg: 0.0000  grpo_loss_margin_reg: 0.0000  grpo_loss_cover_reg: 0.0000  grpo_loss_area_reg: 0.0000  grpo_loss_shift_mag: 0.0000  grpo_loss_margin_mag: 0.0000
2026/05/26 19:00:30 - mmengine - INFO - Epoch(train) [26][100/384]  lr: 5.0000e-05  eta: 0:04:57  time: 0.6481  data_time: 0.0079  memory: 1525  grad_norm: 0.0001  loss: -0.0000  cluster_loss_cls: 0.0902  global_loss_cls: 0.1596  global_loss_bbox: 0.5019  global_loss_centerness: 0.5772  refiner_sup_loss_box: 0.0501  refiner_sup_iou: 0.3056  refiner_sup_valid_ratio: 0.2500  refiner_sup_num_valid: 2.0000  refiner_sup_template_iou: 0.0943  grpo_loss_policy: -0.0000  grpo_loss_entropy: -0.0000  grpo_loss_kl: 0.0000  grpo_reward_mean: 0.2697  grpo_ratio_mean: 1.0000  grpo_clipfrac: 0.0000  grpo_approx_kl: 0.0000  grpo_approx_kl_raw: 0.0000  grpo_det_gain_mean: 0.2034  grpo_cover_gain_mean: 0.3089  grpo_cover_penalty_mean: 0.0000  grpo_area_penalty_mean: 0.0000  grpo_count_gain_mean: 0.2577  grpo_purity_gain_mean: 0.1241  grpo_leak_gain_mean: -0.2075  grpo_loss_shift_reg: 0.0000  grpo_loss_margin_reg: 0.0000  grpo_loss_cover_reg: 0.0000  grpo_loss_area_reg: 0.0000  grpo_loss_shift_mag: 0.0000  grpo_loss_margin_mag: 0.0000
2026/05/26 19:01:01 - mmengine - INFO - Epoch(train) [26][150/384]  lr: 5.0000e-05  eta: 0:04:44  time: 0.6137  data_time: 0.0079  memory: 1525  grad_norm: 0.0000  loss: -0.0000  cluster_loss_cls: 0.0902  global_loss_cls: 0.1596  global_loss_bbox: 0.5019  global_loss_centerness: 0.5772  refiner_sup_loss_box: 0.0501  refiner_sup_iou: 0.3056  refiner_sup_valid_ratio: 0.2500  refiner_sup_num_valid: 2.0000  refiner_sup_template_iou: 0.0943  grpo_loss_policy: -0.0000  grpo_loss_entropy: -0.0000  grpo_loss_kl: 0.0000  grpo_reward_mean: 0.7541  grpo_ratio_mean: 1.0000  grpo_clipfrac: 0.0000  grpo_approx_kl: 0.0000  grpo_approx_kl_raw: 0.0000  grpo_det_gain_mean: 0.5826  grpo_cover_gain_mean: 0.5182  grpo_cover_penalty_mean: 0.0000  grpo_area_penalty_mean: 0.0000  grpo_count_gain_mean: 0.5219  grpo_purity_gain_mean: 0.0000  grpo_leak_gain_mean: 0.0000  grpo_loss_shift_reg: 0.0000  grpo_loss_margin_reg: 0.0000  grpo_loss_cover_reg: 0.0000  grpo_loss_area_reg: 0.0000  grpo_loss_shift_mag: 0.0000  grpo_loss_margin_mag: 0.0000
2026/05/26 19:01:32 - mmengine - INFO - Epoch(train) [26][200/384]  lr: 5.0000e-05  eta: 0:04:32  time: 0.6222  data_time: 0.0077  memory: 1525  grad_norm: 0.0000  loss: -0.0000  cluster_loss_cls: 0.0902  global_loss_cls: 0.1596  global_loss_bbox: 0.5019  global_loss_centerness: 0.5772  refiner_sup_loss_box: 0.0501  refiner_sup_iou: 0.3056  refiner_sup_valid_ratio: 0.2500  refiner_sup_num_valid: 2.0000  refiner_sup_template_iou: 0.0943  grpo_loss_policy: -0.0000  grpo_loss_entropy: -0.0000  grpo_loss_kl: 0.0000  grpo_reward_mean: -0.2417  grpo_ratio_mean: 1.0000  grpo_clipfrac: 0.0000  grpo_approx_kl: 0.0000  grpo_approx_kl_raw: 0.0000  grpo_det_gain_mean: -0.2001  grpo_cover_gain_mean: 0.1667  grpo_cover_penalty_mean: 0.0000  grpo_area_penalty_mean: 0.0000  grpo_count_gain_mean: -0.2909  grpo_purity_gain_mean: 0.0000  grpo_leak_gain_mean: 0.0000  grpo_loss_shift_reg: 0.0000  grpo_loss_margin_reg: 0.0000  grpo_loss_cover_reg: 0.0000  grpo_loss_area_reg: 0.0000  grpo_loss_shift_mag: 0.0000  grpo_loss_margin_mag: 0.0000
2026/05/26 19:02:03 - mmengine - INFO - Epoch(train) [26][250/384]  lr: 5.0000e-05  eta: 0:04:19  time: 0.6253  data_time: 0.0076  memory: 1525  grad_norm: 0.0000  loss: -0.0000  cluster_loss_cls: 0.0902  global_loss_cls: 0.1596  global_loss_bbox: 0.5019  global_loss_centerness: 0.5772  refiner_sup_loss_box: 0.0501  refiner_sup_iou: 0.3056  refiner_sup_valid_ratio: 0.2500  refiner_sup_num_valid: 2.0000  refiner_sup_template_iou: 0.0943  grpo_loss_policy: -0.0000  grpo_loss_entropy: -0.0000  grpo_loss_kl: 0.0000  grpo_reward_mean: 0.6420  grpo_ratio_mean: 1.0000  grpo_clipfrac: 0.0000  grpo_approx_kl: 0.0000  grpo_approx_kl_raw: 0.0000  grpo_det_gain_mean: 0.5004  grpo_cover_gain_mean: 0.3297  grpo_cover_penalty_mean: 0.0000  grpo_area_penalty_mean: 0.0000  grpo_count_gain_mean: 0.6706  grpo_purity_gain_mean: 0.3333  grpo_leak_gain_mean: 0.0000  grpo_loss_shift_reg: 0.0000  grpo_loss_margin_reg: 0.0000  grpo_loss_cover_reg: 0.0000  grpo_loss_area_reg: 0.0000  grpo_loss_shift_mag: 0.0000  grpo_loss_margin_mag: 0.0000
2026/05/26 19:02:34 - mmengine - INFO - Epoch(train) [26][300/384]  lr: 5.0000e-05  eta: 0:04:06  time: 0.6205  data_time: 0.0082  memory: 1525  grad_norm: 0.0000  loss: -0.0000  cluster_loss_cls: 0.0902  global_loss_cls: 0.1596  global_loss_bbox: 0.5019  global_loss_centerness: 0.5772  refiner_sup_loss_box: 0.0501  refiner_sup_iou: 0.3056  refiner_sup_valid_ratio: 0.2500  refiner_sup_num_valid: 2.0000  refiner_sup_template_iou: 0.0943  grpo_loss_policy: -0.0000  grpo_loss_entropy: -0.0000  grpo_loss_kl: 0.0000  grpo_reward_mean: -0.5347  grpo_ratio_mean: 1.0000  grpo_clipfrac: 0.0000  grpo_approx_kl: 0.0000  grpo_approx_kl_raw: 0.0000  grpo_det_gain_mean: -0.4277  grpo_cover_gain_mean: 0.0000  grpo_cover_penalty_mean: 0.0000  grpo_area_penalty_mean: 0.0000  grpo_count_gain_mean: -0.6931  grpo_purity_gain_mean: 0.0000  grpo_leak_gain_mean: 0.0000  grpo_loss_shift_reg: 0.0000  grpo_loss_margin_reg: 0.0000  grpo_loss_cover_reg: 0.0000  grpo_loss_area_reg: 0.0000  grpo_loss_shift_mag: 0.0000  grpo_loss_margin_mag: 0.0000
2026/05/26 19:03:06 - mmengine - INFO - Epoch(train) [26][350/384]  lr: 5.0000e-05  eta: 0:03:53  time: 0.6430  data_time: 0.0089  memory: 1525  grad_norm: 0.0000  loss: -0.0000  cluster_loss_cls: 0.0902  global_loss_cls: 0.1596  global_loss_bbox: 0.5019  global_loss_centerness: 0.5772  refiner_sup_loss_box: 0.0501  refiner_sup_iou: 0.3056  refiner_sup_valid_ratio: 0.2500  refiner_sup_num_valid: 2.0000  refiner_sup_template_iou: 0.0943  grpo_loss_policy: -0.0000  grpo_loss_entropy: -0.0000  grpo_loss_kl: 0.0000  grpo_reward_mean: 0.4625  grpo_ratio_mean: 1.0000  grpo_clipfrac: 0.0000  grpo_approx_kl: 0.0000  grpo_approx_kl_raw: 0.0000  grpo_det_gain_mean: 0.3557  grpo_cover_gain_mean: 0.3554  grpo_cover_penalty_mean: 0.0000  grpo_area_penalty_mean: 0.0000  grpo_count_gain_mean: 0.5398  grpo_purity_gain_mean: 0.2221  grpo_leak_gain_mean: -0.1859  grpo_loss_shift_reg: 0.0000  grpo_loss_margin_reg: 0.0000  grpo_loss_cover_reg: 0.0000  grpo_loss_area_reg: 0.0000  grpo_loss_shift_mag: 0.0000  grpo_loss_margin_mag: 0.0000
2026/05/26 19:03:27 - mmengine - INFO - Exp name: adascope_20260526_180129
2026/05/26 19:03:27 - mmengine - INFO - Saving checkpoint at 26 epochs
2026/05/26 19:03:32 - mmengine - INFO - [SynWarmupSupGRPOStageHook] mode=val epoch=26 stage=grpo
2026/05/26 19:03:37 - mmengine - INFO - Epoch(val) [26][ 50/256]    eta: 0:00:21  time: 0.1023  data_time: 0.0037  memory: 1525  
2026/05/26 19:03:42 - mmengine - INFO - Epoch(val) [26][100/256]    eta: 0:00:15  time: 0.1001  data_time: 0.0022  memory: 817  
2026/05/26 19:03:48 - mmengine - INFO - Epoch(val) [26][150/256]    eta: 0:00:11  time: 0.1164  data_time: 0.0049  memory: 817  
2026/05/26 19:03:54 - mmengine - INFO - Epoch(val) [26][200/256]    eta: 0:00:06  time: 0.1108  data_time: 0.0026  memory: 817  
2026/05/26 19:03:59 - mmengine - INFO - Epoch(val) [26][250/256]    eta: 0:00:00  time: 0.1018  data_time: 0.0023  memory: 817  
2026/05/26 19:03:59 - mmengine - INFO - 
---------------iou_thr: 0.5---------------
2026/05/26 19:04:00 - mmengine - INFO - 
+--------+------+------+--------+-------+
| class  | gts  | dets | recall | ap    |
+--------+------+------+--------+-------+
| Target | 3454 | 8522 | 0.350  | 0.294 |
+--------+------+------+--------+-------+
| mAP    |      |      |        | 0.294 |
+--------+------+------+--------+-------+
2026/05/26 19:04:00 - mmengine - INFO - 
---------------iou_thr: 0.5---------------
2026/05/26 19:04:00 - mmengine - INFO - 
+--------+-----+------+--------+-------+
| class  | gts | dets | recall | ap    |
+--------+-----+------+--------+-------+
| Target | 625 | 1806 | 0.029  | 0.091 |
+--------+-----+------+--------+-------+
| mAP    |     |      |        | 0.091 |
+--------+-----+------+--------+-------+
2026/05/26 19:04:00 - mmengine - INFO - 
---------------iou_thr: 0.5---------------
2026/05/26 19:04:00 - mmengine - INFO - 
+--------+-----+------+--------+-------+
| class  | gts | dets | recall | ap    |
+--------+-----+------+--------+-------+
| Target | 625 | 1806 | 0.032  | 0.091 |
+--------+-----+------+--------+-------+
| mAP    |     |      |        | 0.091 |
+--------+-----+------+--------+-------+
2026/05/26 19:04:00 - mmengine - INFO - 
---------------iou_thr: 0.5---------------
2026/05/26 19:04:00 - mmengine - INFO - 
+--------+------+------+--------+-------+
| class  | gts  | dets | recall | ap    |
+--------+------+------+--------+-------+
| Target | 3454 | 7648 | 0.474  | 0.218 |
+--------+------+------+--------+-------+
| mAP    |      |      |        | 0.218 |
+--------+------+------+--------+-------+
2026/05/26 19:04:01 - mmengine - INFO - 
---------------iou_thr: 0.5---------------
2026/05/26 19:04:01 - mmengine - INFO - 
+--------+------+-------+--------+-------+
| class  | gts  | dets  | recall | ap    |
+--------+------+-------+--------+-------+
| Target | 3454 | 12500 | 0.655  | 0.394 |
+--------+------+-------+--------+-------+
| mAP    |      |       |        | 0.394 |
+--------+------+-------+--------+-------+
2026/05/26 19:04:01 - mmengine - INFO - Epoch(val) [26][256/256]    global_voc/mAP: 0.2936  global_voc/AP50: 0.2940  raw_cluster_voc/mAP: 0.0909  raw_cluster_voc/AP50: 0.0910  refined_cluster_voc/mAP: 0.0909  refined_cluster_voc/AP50: 0.0910  local_voc/mAP: 0.2175  local_voc/AP50: 0.2180  merged_voc/mAP: 0.3938  merged_voc/AP50: 0.3940  data_time: 0.0031  time: 0.1061
2026/05/26 19:04:01 - mmengine - INFO - [SynWarmupSupGRPOStageHook] mode=train epoch=26 stage=grpo
2026/05/26 19:04:11 - mmengine - INFO - Exp name: adascope_20260526_180129
2026/05/26 19:04:33 - mmengine - INFO - Epoch(train) [27][ 50/384]  lr: 5.0000e-06  eta: 0:03:31  time: 0.6338  data_time: 0.0090  memory: 1525  grad_norm: 0.0001  loss: -0.0000  cluster_loss_cls: 0.0902  global_loss_cls: 0.1596  global_loss_bbox: 0.5019  global_loss_centerness: 0.5772  refiner_sup_loss_box: 0.0501  refiner_sup_iou: 0.3056  refiner_sup_valid_ratio: 0.2500  refiner_sup_num_valid: 2.0000  refiner_sup_template_iou: 0.0943  grpo_loss_policy: -0.0000  grpo_loss_entropy: -0.0000  grpo_loss_kl: 0.0000  grpo_reward_mean: 0.7422  grpo_ratio_mean: 1.0000  grpo_clipfrac: 0.0000  grpo_approx_kl: 0.0000  grpo_approx_kl_raw: 0.0000  grpo_det_gain_mean: 0.5730  grpo_cover_gain_mean: 0.5182  grpo_cover_penalty_mean: 0.0000  grpo_area_penalty_mean: 0.0000  grpo_count_gain_mean: 0.5457  grpo_purity_gain_mean: 0.0000  grpo_leak_gain_mean: 0.0000  grpo_loss_shift_reg: 0.0000  grpo_loss_margin_reg: 0.0000  grpo_loss_cover_reg: 0.0000  grpo_loss_area_reg: 0.0000  grpo_loss_shift_mag: 0.0000  grpo_loss_margin_mag: 0.0000
2026/05/26 19:05:05 - mmengine - INFO - Epoch(train) [27][100/384]  lr: 5.0000e-06  eta: 0:03:17  time: 0.6393  data_time: 0.0081  memory: 1525  grad_norm: 0.0000  loss: -0.0000  cluster_loss_cls: 0.0902  global_loss_cls: 0.1596  global_loss_bbox: 0.5019  global_loss_centerness: 0.5772  refiner_sup_loss_box: 0.0501  refiner_sup_iou: 0.3056  refiner_sup_valid_ratio: 0.2500  refiner_sup_num_valid: 2.0000  refiner_sup_template_iou: 0.0943  grpo_loss_policy: -0.0000  grpo_loss_entropy: -0.0000  grpo_loss_kl: 0.0000  grpo_reward_mean: 0.1950  grpo_ratio_mean: 1.0000  grpo_clipfrac: 0.0000  grpo_approx_kl: 0.0000  grpo_approx_kl_raw: 0.0000  grpo_det_gain_mean: 0.1417  grpo_cover_gain_mean: 0.3568  grpo_cover_penalty_mean: 0.0000  grpo_area_penalty_mean: 0.0000  grpo_count_gain_mean: -0.0152  grpo_purity_gain_mean: 0.0000  grpo_leak_gain_mean: 0.0000  grpo_loss_shift_reg: 0.0000  grpo_loss_margin_reg: 0.0000  grpo_loss_cover_reg: 0.0000  grpo_loss_area_reg: 0.0000  grpo_loss_shift_mag: 0.0000  grpo_loss_margin_mag: 0.0000
2026/05/26 19:05:36 - mmengine - INFO - Epoch(train) [27][150/384]  lr: 5.0000e-06  eta: 0:03:03  time: 0.6220  data_time: 0.0080  memory: 1525  grad_norm: 0.0001  loss: -0.0000  cluster_loss_cls: 0.0902  global_loss_cls: 0.1596  global_loss_bbox: 0.5019  global_loss_centerness: 0.5772  refiner_sup_loss_box: 0.0501  refiner_sup_iou: 0.3056  refiner_sup_valid_ratio: 0.2500  refiner_sup_num_valid: 2.0000  refiner_sup_template_iou: 0.0943  grpo_loss_policy: -0.0000  grpo_loss_entropy: -0.0000  grpo_loss_kl: 0.0000  grpo_reward_mean: 0.2899  grpo_ratio_mean: 1.0000  grpo_clipfrac: 0.0000  grpo_approx_kl: 0.0000  grpo_approx_kl_raw: 0.0000  grpo_det_gain_mean: 0.2210  grpo_cover_gain_mean: 0.2741  grpo_cover_penalty_mean: 0.0000  grpo_area_penalty_mean: 0.0000  grpo_count_gain_mean: 0.6024  grpo_purity_gain_mean: 0.1667  grpo_leak_gain_mean: 0.0000  grpo_loss_shift_reg: 0.0000  grpo_loss_margin_reg: 0.0000  grpo_loss_cover_reg: 0.0000  grpo_loss_area_reg: 0.0000  grpo_loss_shift_mag: 0.0000  grpo_loss_margin_mag: 0.0000
2026/05/26 19:06:07 - mmengine - INFO - Epoch(train) [27][200/384]  lr: 5.0000e-06  eta: 0:02:49  time: 0.6288  data_time: 0.0080  memory: 1525  grad_norm: 0.0000  loss: -0.0000  cluster_loss_cls: 0.0902  global_loss_cls: 0.1596  global_loss_bbox: 0.5019  global_loss_centerness: 0.5772  refiner_sup_loss_box: 0.0501  refiner_sup_iou: 0.3056  refiner_sup_valid_ratio: 0.2500  refiner_sup_num_valid: 2.0000  refiner_sup_template_iou: 0.0943  grpo_loss_policy: -0.0000  grpo_loss_entropy: -0.0000  grpo_loss_kl: 0.0000  grpo_reward_mean: 0.7436  grpo_ratio_mean: 1.0000  grpo_clipfrac: 0.0000  grpo_approx_kl: 0.0000  grpo_approx_kl_raw: 0.0000  grpo_det_gain_mean: 0.5786  grpo_cover_gain_mean: 0.4063  grpo_cover_penalty_mean: 0.0000  grpo_area_penalty_mean: 0.0000  grpo_count_gain_mean: 0.6422  grpo_purity_gain_mean: 0.0000  grpo_leak_gain_mean: 0.0000  grpo_loss_shift_reg: 0.0000  grpo_loss_margin_reg: 0.0000  grpo_loss_cover_reg: 0.0000  grpo_loss_area_reg: 0.0000  grpo_loss_shift_mag: 0.0000  grpo_loss_margin_mag: 0.0000
2026/05/26 19:06:39 - mmengine - INFO - Epoch(train) [27][250/384]  lr: 5.0000e-06  eta: 0:02:35  time: 0.6450  data_time: 0.0082  memory: 1525  grad_norm: 0.0000  loss: -0.0000  cluster_loss_cls: 0.0902  global_loss_cls: 0.1596  global_loss_bbox: 0.5019  global_loss_centerness: 0.5772  refiner_sup_loss_box: 0.0501  refiner_sup_iou: 0.3056  refiner_sup_valid_ratio: 0.2500  refiner_sup_num_valid: 2.0000  refiner_sup_template_iou: 0.0943  grpo_loss_policy: 0.0000  grpo_loss_entropy: -0.0000  grpo_loss_kl: 0.0000  grpo_reward_mean: -0.0881  grpo_ratio_mean: 1.0000  grpo_clipfrac: 0.0000  grpo_approx_kl: 0.0000  grpo_approx_kl_raw: 0.0000  grpo_det_gain_mean: -0.0837  grpo_cover_gain_mean: 0.3300  grpo_cover_penalty_mean: 0.0000  grpo_area_penalty_mean: 0.0000  grpo_count_gain_mean: -0.3217  grpo_purity_gain_mean: -0.0625  grpo_leak_gain_mean: 0.0000  grpo_loss_shift_reg: 0.0000  grpo_loss_margin_reg: 0.0000  grpo_loss_cover_reg: 0.0000  grpo_loss_area_reg: 0.0000  grpo_loss_shift_mag: 0.0000  grpo_loss_margin_mag: 0.0000
2026/05/26 19:07:11 - mmengine - INFO - Epoch(train) [27][300/384]  lr: 5.0000e-06  eta: 0:02:21  time: 0.6259  data_time: 0.0081  memory: 1525  grad_norm: 0.0000  loss: -0.0000  cluster_loss_cls: 0.0902  global_loss_cls: 0.1596  global_loss_bbox: 0.5019  global_loss_centerness: 0.5772  refiner_sup_loss_box: 0.0501  refiner_sup_iou: 0.3056  refiner_sup_valid_ratio: 0.2500  refiner_sup_num_valid: 2.0000  refiner_sup_template_iou: 0.0943  grpo_loss_policy: -0.0000  grpo_loss_entropy: -0.0000  grpo_loss_kl: 0.0000  grpo_reward_mean: -0.3272  grpo_ratio_mean: 1.0000  grpo_clipfrac: 0.0000  grpo_approx_kl: 0.0000  grpo_approx_kl_raw: 0.0000  grpo_det_gain_mean: -0.2685  grpo_cover_gain_mean: 0.1682  grpo_cover_penalty_mean: 0.0000  grpo_area_penalty_mean: 0.0000  grpo_count_gain_mean: -0.4966  grpo_purity_gain_mean: -0.4956  grpo_leak_gain_mean: -0.7320  grpo_loss_shift_reg: 0.0000  grpo_loss_margin_reg: 0.0000  grpo_loss_cover_reg: 0.0000  grpo_loss_area_reg: 0.0000  grpo_loss_shift_mag: 0.0000  grpo_loss_margin_mag: 0.0000
2026/05/26 19:07:41 - mmengine - INFO - Epoch(train) [27][350/384]  lr: 5.0000e-06  eta: 0:02:06  time: 0.5996  data_time: 0.0070  memory: 1525  grad_norm: 0.0000  loss: -0.0000  cluster_loss_cls: 0.0902  global_loss_cls: 0.1596  global_loss_bbox: 0.5019  global_loss_centerness: 0.5772  refiner_sup_loss_box: 0.0501  refiner_sup_iou: 0.3056  refiner_sup_valid_ratio: 0.2500  refiner_sup_num_valid: 2.0000  refiner_sup_template_iou: 0.0943  grpo_loss_policy: 0.0000  grpo_loss_entropy: -0.0000  grpo_loss_kl: 0.0000  grpo_reward_mean: 1.2203  grpo_ratio_mean: 1.0000  grpo_clipfrac: 0.0000  grpo_approx_kl: 0.0000  grpo_approx_kl_raw: 0.0000  grpo_det_gain_mean: 0.9531  grpo_cover_gain_mean: 0.5786  grpo_cover_penalty_mean: 0.0000  grpo_area_penalty_mean: 0.0000  grpo_count_gain_mean: 1.5957  grpo_purity_gain_mean: 0.6667  grpo_leak_gain_mean: 0.0000  grpo_loss_shift_reg: 0.0000  grpo_loss_margin_reg: 0.0000  grpo_loss_cover_reg: 0.0000  grpo_loss_area_reg: 0.0000  grpo_loss_shift_mag: 0.0000  grpo_loss_margin_mag: 0.0000
2026/05/26 19:08:02 - mmengine - INFO - Exp name: adascope_20260526_180129
2026/05/26 19:08:02 - mmengine - INFO - Saving checkpoint at 27 epochs
2026/05/26 19:08:08 - mmengine - INFO - [SynWarmupSupGRPOStageHook] mode=val epoch=27 stage=grpo
2026/05/26 19:08:13 - mmengine - INFO - Epoch(val) [27][ 50/256]    eta: 0:00:21  time: 0.1027  data_time: 0.0033  memory: 1525  
2026/05/26 19:08:18 - mmengine - INFO - Epoch(val) [27][100/256]    eta: 0:00:15  time: 0.1021  data_time: 0.0023  memory: 817  
2026/05/26 19:08:23 - mmengine - INFO - Epoch(val) [27][150/256]    eta: 0:00:10  time: 0.1001  data_time: 0.0023  memory: 817  
2026/05/26 19:08:28 - mmengine - INFO - Epoch(val) [27][200/256]    eta: 0:00:05  time: 0.1019  data_time: 0.0022  memory: 817  
2026/05/26 19:08:33 - mmengine - INFO - Epoch(val) [27][250/256]    eta: 0:00:00  time: 0.1011  data_time: 0.0022  memory: 817  
2026/05/26 19:08:34 - mmengine - INFO - 
---------------iou_thr: 0.5---------------
2026/05/26 19:08:34 - mmengine - INFO - 
+--------+------+------+--------+-------+
| class  | gts  | dets | recall | ap    |
+--------+------+------+--------+-------+
| Target | 3454 | 8522 | 0.350  | 0.294 |
+--------+------+------+--------+-------+
| mAP    |      |      |        | 0.294 |
+--------+------+------+--------+-------+
2026/05/26 19:08:34 - mmengine - INFO - 
---------------iou_thr: 0.5---------------
2026/05/26 19:08:34 - mmengine - INFO - 
+--------+-----+------+--------+-------+
| class  | gts | dets | recall | ap    |
+--------+-----+------+--------+-------+
| Target | 625 | 1806 | 0.029  | 0.091 |
+--------+-----+------+--------+-------+
| mAP    |     |      |        | 0.091 |
+--------+-----+------+--------+-------+
2026/05/26 19:08:34 - mmengine - INFO - 
---------------iou_thr: 0.5---------------
2026/05/26 19:08:35 - mmengine - INFO - 
+--------+-----+------+--------+-------+
| class  | gts | dets | recall | ap    |
+--------+-----+------+--------+-------+
| Target | 625 | 1806 | 0.032  | 0.091 |
+--------+-----+------+--------+-------+
| mAP    |     |      |        | 0.091 |
+--------+-----+------+--------+-------+
2026/05/26 19:08:35 - mmengine - INFO - 
---------------iou_thr: 0.5---------------
2026/05/26 19:08:35 - mmengine - INFO - 
+--------+------+------+--------+-------+
| class  | gts  | dets | recall | ap    |
+--------+------+------+--------+-------+
| Target | 3454 | 7648 | 0.474  | 0.218 |
+--------+------+------+--------+-------+
| mAP    |      |      |        | 0.218 |
+--------+------+------+--------+-------+
2026/05/26 19:08:35 - mmengine - INFO - 
---------------iou_thr: 0.5---------------
2026/05/26 19:08:35 - mmengine - INFO - 
+--------+------+-------+--------+-------+
| class  | gts  | dets  | recall | ap    |
+--------+------+-------+--------+-------+
| Target | 3454 | 12500 | 0.655  | 0.394 |
+--------+------+-------+--------+-------+
| mAP    |      |       |        | 0.394 |
+--------+------+-------+--------+-------+
2026/05/26 19:08:35 - mmengine - INFO - Epoch(val) [27][256/256]    global_voc/mAP: 0.2936  global_voc/AP50: 0.2940  raw_cluster_voc/mAP: 0.0909  raw_cluster_voc/AP50: 0.0910  refined_cluster_voc/mAP: 0.0909  refined_cluster_voc/AP50: 0.0910  local_voc/mAP: 0.2175  local_voc/AP50: 0.2180  merged_voc/mAP: 0.3938  merged_voc/AP50: 0.3940  data_time: 0.0025  time: 0.1016
2026/05/26 19:08:35 - mmengine - INFO - [SynWarmupSupGRPOStageHook] mode=train epoch=27 stage=grpo
2026/05/26 19:09:07 - mmengine - INFO - Epoch(train) [28][ 50/384]  lr: 5.0000e-06  eta: 0:01:42  time: 0.6380  data_time: 0.0086  memory: 1525  grad_norm: 0.0000  loss: -0.0000  cluster_loss_cls: 0.0902  global_loss_cls: 0.1596  global_loss_bbox: 0.5019  global_loss_centerness: 0.5772  refiner_sup_loss_box: 0.0501  refiner_sup_iou: 0.3056  refiner_sup_valid_ratio: 0.2500  refiner_sup_num_valid: 2.0000  refiner_sup_template_iou: 0.0943  grpo_loss_policy: -0.0000  grpo_loss_entropy: -0.0000  grpo_loss_kl: 0.0000  grpo_reward_mean: 1.1809  grpo_ratio_mean: 1.0000  grpo_clipfrac: 0.0000  grpo_approx_kl: 0.0000  grpo_approx_kl_raw: 0.0000  grpo_det_gain_mean: 0.9247  grpo_cover_gain_mean: 0.5007  grpo_cover_penalty_mean: 0.0000  grpo_area_penalty_mean: 0.0000  grpo_count_gain_mean: 1.5161  grpo_purity_gain_mean: 0.8571  grpo_leak_gain_mean: 0.0000  grpo_loss_shift_reg: 0.0000  grpo_loss_margin_reg: 0.0000  grpo_loss_cover_reg: 0.0000  grpo_loss_area_reg: 0.0000  grpo_loss_shift_mag: 0.0000  grpo_loss_margin_mag: 0.0000
2026/05/26 19:09:40 - mmengine - INFO - Epoch(train) [28][100/384]  lr: 5.0000e-06  eta: 0:01:27  time: 0.6556  data_time: 0.0086  memory: 1525  grad_norm: 0.0000  loss: -0.0000  cluster_loss_cls: 0.0902  global_loss_cls: 0.1596  global_loss_bbox: 0.5019  global_loss_centerness: 0.5772  refiner_sup_loss_box: 0.0501  refiner_sup_iou: 0.3056  refiner_sup_valid_ratio: 0.2500  refiner_sup_num_valid: 2.0000  refiner_sup_template_iou: 0.0943  grpo_loss_policy: -0.0000  grpo_loss_entropy: -0.0000  grpo_loss_kl: 0.0000  grpo_reward_mean: 0.0000  grpo_ratio_mean: 1.0000  grpo_clipfrac: 0.0000  grpo_approx_kl: 0.0000  grpo_approx_kl_raw: 0.0000  grpo_det_gain_mean: 0.0000  grpo_cover_gain_mean: 0.0000  grpo_cover_penalty_mean: 0.0000  grpo_area_penalty_mean: 0.0000  grpo_count_gain_mean: 0.0000  grpo_purity_gain_mean: 0.0000  grpo_leak_gain_mean: 0.0000  grpo_loss_shift_reg: 0.0000  grpo_loss_margin_reg: 0.0000  grpo_loss_cover_reg: 0.0000  grpo_loss_area_reg: 0.0000  grpo_loss_shift_mag: 0.0000  grpo_loss_margin_mag: 0.0000
2026/05/26 19:10:12 - mmengine - INFO - Epoch(train) [28][150/384]  lr: 5.0000e-06  eta: 0:01:12  time: 0.6498  data_time: 0.0087  memory: 1525  grad_norm: 0.0000  loss: -0.0000  cluster_loss_cls: 0.0902  global_loss_cls: 0.1596  global_loss_bbox: 0.5019  global_loss_centerness: 0.5772  refiner_sup_loss_box: 0.0501  refiner_sup_iou: 0.3056  refiner_sup_valid_ratio: 0.2500  refiner_sup_num_valid: 2.0000  refiner_sup_template_iou: 0.0943  grpo_loss_policy: -0.0000  grpo_loss_entropy: -0.0000  grpo_loss_kl: 0.0000  grpo_reward_mean: 0.2963  grpo_ratio_mean: 1.0000  grpo_clipfrac: 0.0000  grpo_approx_kl: 0.0000  grpo_approx_kl_raw: 0.0000  grpo_det_gain_mean: 0.2291  grpo_cover_gain_mean: 0.1979  grpo_cover_penalty_mean: 0.0000  grpo_area_penalty_mean: 0.0000  grpo_count_gain_mean: 0.3648  grpo_purity_gain_mean: 0.0000  grpo_leak_gain_mean: 0.0000  grpo_loss_shift_reg: 0.0000  grpo_loss_margin_reg: 0.0000  grpo_loss_cover_reg: 0.0000  grpo_loss_area_reg: 0.0000  grpo_loss_shift_mag: 0.0000  grpo_loss_margin_mag: 0.0000
2026/05/26 19:10:45 - mmengine - INFO - Epoch(train) [28][200/384]  lr: 5.0000e-06  eta: 0:00:57  time: 0.6460  data_time: 0.0084  memory: 1525  grad_norm: 0.0000  loss: -0.0000  cluster_loss_cls: 0.0902  global_loss_cls: 0.1596  global_loss_bbox: 0.5019  global_loss_centerness: 0.5772  refiner_sup_loss_box: 0.0501  refiner_sup_iou: 0.3056  refiner_sup_valid_ratio: 0.2500  refiner_sup_num_valid: 2.0000  refiner_sup_template_iou: 0.0943  grpo_loss_policy: 0.0000  grpo_loss_entropy: -0.0000  grpo_loss_kl: 0.0000  grpo_reward_mean: 0.8291  grpo_ratio_mean: 1.0000  grpo_clipfrac: 0.0000  grpo_approx_kl: 0.0000  grpo_approx_kl_raw: 0.0000  grpo_det_gain_mean: 0.6484  grpo_cover_gain_mean: 0.3716  grpo_cover_penalty_mean: 0.0000  grpo_area_penalty_mean: 0.0000  grpo_count_gain_mean: 1.1031  grpo_purity_gain_mean: 0.7324  grpo_leak_gain_mean: -0.0148  grpo_loss_shift_reg: 0.0000  grpo_loss_margin_reg: 0.0000  grpo_loss_cover_reg: 0.0000  grpo_loss_area_reg: 0.0000  grpo_loss_shift_mag: 0.0000  grpo_loss_margin_mag: 0.0000
2026/05/26 19:11:16 - mmengine - INFO - Epoch(train) [28][250/384]  lr: 5.0000e-06  eta: 0:00:41  time: 0.6322  data_time: 0.0081  memory: 1525  grad_norm: 0.3315  loss: -0.0000  cluster_loss_cls: 0.0902  global_loss_cls: 0.1596  global_loss_bbox: 0.5019  global_loss_centerness: 0.5772  refiner_sup_loss_box: 0.0501  refiner_sup_iou: 0.3056  refiner_sup_valid_ratio: 0.2500  refiner_sup_num_valid: 2.0000  refiner_sup_template_iou: 0.0943  grpo_loss_policy: -0.0000  grpo_loss_entropy: -0.0000  grpo_loss_kl: 0.0000  grpo_reward_mean: 0.7436  grpo_ratio_mean: 1.0000  grpo_clipfrac: 0.0000  grpo_approx_kl: 0.0000  grpo_approx_kl_raw: 0.0000  grpo_det_gain_mean: 0.5757  grpo_cover_gain_mean: 0.4801  grpo_cover_penalty_mean: 0.0000  grpo_area_penalty_mean: 0.0000  grpo_count_gain_mean: 0.7993  grpo_purity_gain_mean: 0.5000  grpo_leak_gain_mean: 0.0000  grpo_loss_shift_reg: 0.0000  grpo_loss_margin_reg: 0.0000  grpo_loss_cover_reg: 0.0000  grpo_loss_area_reg: 0.0000  grpo_loss_shift_mag: 0.0000  grpo_loss_margin_mag: 0.0000
2026/05/26 19:11:47 - mmengine - INFO - Epoch(train) [28][300/384]  lr: 5.0000e-06  eta: 0:00:26  time: 0.6089  data_time: 0.0074  memory: 1525  grad_norm: 0.0001  loss: -0.0000  cluster_loss_cls: 0.0902  global_loss_cls: 0.1596  global_loss_bbox: 0.5019  global_loss_centerness: 0.5772  refiner_sup_loss_box: 0.0501  refiner_sup_iou: 0.3056  refiner_sup_valid_ratio: 0.2500  refiner_sup_num_valid: 2.0000  refiner_sup_template_iou: 0.0943  grpo_loss_policy: -0.0000  grpo_loss_entropy: -0.0000  grpo_loss_kl: 0.0000  grpo_reward_mean: 0.4831  grpo_ratio_mean: 1.0000  grpo_clipfrac: 0.0000  grpo_approx_kl: 0.0000  grpo_approx_kl_raw: 0.0000  grpo_det_gain_mean: 0.3688  grpo_cover_gain_mean: 0.4417  grpo_cover_penalty_mean: 0.0000  grpo_area_penalty_mean: 0.0000  grpo_count_gain_mean: 0.0834  grpo_purity_gain_mean: -0.0200  grpo_leak_gain_mean: -0.0277  grpo_loss_shift_reg: 0.0000  grpo_loss_margin_reg: 0.0000  grpo_loss_cover_reg: 0.0000  grpo_loss_area_reg: 0.0000  grpo_loss_shift_mag: 0.0000  grpo_loss_margin_mag: 0.0000
2026/05/26 19:12:19 - mmengine - INFO - Epoch(train) [28][350/384]  lr: 5.0000e-06  eta: 0:00:10  time: 0.6439  data_time: 0.0080  memory: 1525  grad_norm: 0.0000  loss: -0.0000  cluster_loss_cls: 0.0902  global_loss_cls: 0.1596  global_loss_bbox: 0.5019  global_loss_centerness: 0.5772  refiner_sup_loss_box: 0.0501  refiner_sup_iou: 0.3056  refiner_sup_valid_ratio: 0.2500  refiner_sup_num_valid: 2.0000  refiner_sup_template_iou: 0.0943  grpo_loss_policy: -0.0000  grpo_loss_entropy: -0.0000  grpo_loss_kl: 0.0000  grpo_reward_mean: 0.5399  grpo_ratio_mean: 1.0000  grpo_clipfrac: 0.0000  grpo_approx_kl: 0.0000  grpo_approx_kl_raw: 0.0000  grpo_det_gain_mean: 0.4132  grpo_cover_gain_mean: 0.4678  grpo_cover_penalty_mean: 0.0000  grpo_area_penalty_mean: 0.0000  grpo_count_gain_mean: 0.4537  grpo_purity_gain_mean: 0.3333  grpo_leak_gain_mean: 0.0000  grpo_loss_shift_reg: 0.0000  grpo_loss_margin_reg: 0.0000  grpo_loss_cover_reg: 0.0000  grpo_loss_area_reg: 0.0000  grpo_loss_shift_mag: 0.0000  grpo_loss_margin_mag: 0.0000
2026/05/26 19:12:39 - mmengine - INFO - Exp name: adascope_20260526_180129
2026/05/26 19:12:39 - mmengine - INFO - Saving checkpoint at 28 epochs
2026/05/26 19:12:45 - mmengine - INFO - [SynWarmupSupGRPOStageHook] mode=val epoch=28 stage=grpo
2026/05/26 19:12:51 - mmengine - INFO - Epoch(val) [28][ 50/256]    eta: 0:00:20  time: 0.1009  data_time: 0.0032  memory: 1525  
2026/05/26 19:12:56 - mmengine - INFO - Epoch(val) [28][100/256]    eta: 0:00:15  time: 0.1009  data_time: 0.0023  memory: 817  
2026/05/26 19:13:01 - mmengine - INFO - Epoch(val) [28][150/256]    eta: 0:00:10  time: 0.1003  data_time: 0.0023  memory: 817  
2026/05/26 19:13:06 - mmengine - INFO - Epoch(val) [28][200/256]    eta: 0:00:05  time: 0.0978  data_time: 0.0022  memory: 817  
2026/05/26 19:13:10 - mmengine - INFO - Epoch(val) [28][250/256]    eta: 0:00:00  time: 0.0993  data_time: 0.0022  memory: 817  
2026/05/26 19:13:11 - mmengine - INFO - 
---------------iou_thr: 0.5---------------
2026/05/26 19:13:11 - mmengine - INFO - 
+--------+------+------+--------+-------+
| class  | gts  | dets | recall | ap    |
+--------+------+------+--------+-------+
| Target | 3454 | 8522 | 0.350  | 0.294 |
+--------+------+------+--------+-------+
| mAP    |      |      |        | 0.294 |
+--------+------+------+--------+-------+
2026/05/26 19:13:11 - mmengine - INFO - 
---------------iou_thr: 0.5---------------
2026/05/26 19:13:12 - mmengine - INFO - 
+--------+-----+------+--------+-------+
| class  | gts | dets | recall | ap    |
+--------+-----+------+--------+-------+
| Target | 625 | 1806 | 0.029  | 0.091 |
+--------+-----+------+--------+-------+
| mAP    |     |      |        | 0.091 |
+--------+-----+------+--------+-------+
2026/05/26 19:13:12 - mmengine - INFO - 
---------------iou_thr: 0.5---------------
2026/05/26 19:13:12 - mmengine - INFO - 
+--------+-----+------+--------+-------+
| class  | gts | dets | recall | ap    |
+--------+-----+------+--------+-------+
| Target | 625 | 1806 | 0.032  | 0.091 |
+--------+-----+------+--------+-------+
| mAP    |     |      |        | 0.091 |
+--------+-----+------+--------+-------+
2026/05/26 19:13:12 - mmengine - INFO - 
---------------iou_thr: 0.5---------------
2026/05/26 19:13:12 - mmengine - INFO - 
+--------+------+------+--------+-------+
| class  | gts  | dets | recall | ap    |
+--------+------+------+--------+-------+
| Target | 3454 | 7648 | 0.474  | 0.218 |
+--------+------+------+--------+-------+
| mAP    |      |      |        | 0.218 |
+--------+------+------+--------+-------+
2026/05/26 19:13:12 - mmengine - INFO - 
---------------iou_thr: 0.5---------------
2026/05/26 19:13:13 - mmengine - INFO - 
+--------+------+-------+--------+-------+
| class  | gts  | dets  | recall | ap    |
+--------+------+-------+--------+-------+
| Target | 3454 | 12500 | 0.655  | 0.394 |
+--------+------+-------+--------+-------+
| mAP    |      |       |        | 0.394 |
+--------+------+-------+--------+-------+
2026/05/26 19:13:13 - mmengine - INFO - Epoch(val) [28][256/256]    global_voc/mAP: 0.2936  global_voc/AP50: 0.2940  raw_cluster_voc/mAP: 0.0909  raw_cluster_voc/AP50: 0.0910  refined_cluster_voc/mAP: 0.0909  refined_cluster_voc/AP50: 0.0910  local_voc/mAP: 0.2175  local_voc/AP50: 0.2180  merged_voc/mAP: 0.3938  merged_voc/AP50: 0.3940  data_time: 0.0024  time: 0.1000
